county,year,month,cumulative_total_doses,cumulative_fully_vaccinated,cumulative_at_least_one_dose,cumulative_up_to_date_count
Alameda,2020,1,0,0,0,0
Alameda,2020,7,1,0,1,0
Alameda,2020,8,43,3,40,0
Alameda,2020,9,104,45,59,0
Alameda,2020,10,121,51,72,0
Alameda,2020,11,138,56,87,0
Alameda,2020,12,24148,89,24066,1
Alameda,2021,1,153922,29452,124230,1
Alameda,2021,2,462196,135661,325769,2
Alameda,2021,3,979526,406271,595980,2
Alameda,2021,4,1575149,688061,970876,7
Alameda,2021,5,1965182,961823,1094953,15
Alameda,2021,6,2124644,1071023,1149758,20
Alameda,2021,7,2203716,1113027,1188664,24
Alameda,2021,8,2297162,1152951,1234465,29
Alameda,2021,9,2387030,1188440,1260359,34
Alameda,2021,10,2548753,1212033,1279987,45
Alameda,2021,11,2838749,1236520,1349512,62
Alameda,2021,12,3199474,1302448,1394826,98
Alameda,2022,1,3448332,1333575,1430199,121
Alameda,2022,2,3545639,1353829,1445696,136
Alameda,2022,3,3592079,1363416,1453181,145
Alameda,2022,4,3700162,1369029,1459229,154
Alameda,2022,5,3793234,1373979,1464689,170
Alameda,2022,6,3871316,1378018,1476623,187
Alameda,2022,7,3938801,1385468,1491201,209
Alameda,2022,8,3983593,1393481,1499992,232
Alameda,2022,9,4103587,1399365,1506840,87192
Alameda,2022,10,4275392,1403488,1514340,231258
Alameda,2022,11,4405566,1406490,1520864,347194
Alameda,2022,12,4496032,1408776,1527039,428939
Alameda,2023,1,4536093,1410818,1530656,463925
Alameda,2023,2,4555116,1412195,1532683,479931
Alameda,2023,3,4571444,1413513,1534616,493407
Alameda,2023,4,4585802,1414200,1535923,506274
Alameda,2023,5,4616949,1414500,1537439,535947
Alameda,2023,6,4635188,1414744,1538822,552862
Alameda,2023,7,4646469,1414949,1539942,563072
Alameda,2023,8,4658935,1415186,1541128,574545
Alameda,2023,9,4661606,1415235,1541381,576884
All CA Counties,2020,1,1,0,1,0
All CA Counties,2020,7,43,0,43,0
All CA Counties,2020,8,1031,73,956,0
All CA Counties,2020,9,2927,1100,1824,0
All CA Counties,2020,10,3802,1542,2290,0
All CA Counties,2020,11,4715,1977,3020,0
All CA Counties,2020,12,556967,3112,554154,2
All CA Counties,2021,1,3881405,673051,3201477,20
All CA Counties,2021,2,10028625,3317858,6684345,35
All CA Counties,2021,3,20271345,7795507,12871558,96
All CA Counties,2021,4,31917745,13912853,19037990,187
All CA Counties,2021,5,39014916,18553969,21669532,274
All CA Counties,2021,6,42477438,20827023,22995264,341
All CA Counties,2021,7,44559892,21862416,24106120,386
All CA Counties,2021,8,47232847,23008540,25505682,444
All CA Counties,2021,9,49691086,24111770,26322581,528
All CA Counties,2021,10,53050195,24833853,26943898,665
All CA Counties,2021,11,58511677,25506117,28163250,942
All CA Counties,2021,12,64723446,26572702,29100194,1515
All CA Counties,2022,1,69275685,27235080,29911293,2110
All CA Counties,2022,2,71095534,27678205,30248019,2362
All CA Counties,2022,3,72143822,27898146,30439950,2574
All CA Counties,2022,4,74053340,28038062,30579909,2832
All CA Counties,2022,5,75575406,28146454,30699463,3133
All CA Counties,2022,6,76765159,28236825,30860542,3437
All CA Counties,2022,7,77901052,28344676,31065135,3795
All CA Counties,2022,8,78632661,28457456,31208830,4325
All CA Counties,2022,9,80426528,28532899,31328304,1337814
All CA Counties,2022,10,82907088,28586390,31466008,3462425
All CA Counties,2022,11,84732380,28624483,31579772,5098224
All CA Counties,2022,12,86071783,28654496,31680814,6311981
All CA Counties,2023,1,86690939,28681419,31746842,6854383
All CA Counties,2023,2,86993145,28700010,31785816,7106925
All CA Counties,2023,3,87246779,28717712,31822776,7314669
All CA Counties,2023,4,87470950,28726554,31851147,7512048
All CA Counties,2023,5,87838391,28729672,31881282,7862265
All CA Counties,2023,6,88065730,28732036,31907845,8075571
All CA Counties,2023,7,88216919,28733893,31932646,8216507
All CA Counties,2023,8,88395091,28735822,31961759,8383515
All CA Counties,2023,9,88445532,28736280,31971587,8428712
All CA and Non-CA Counties,2020,1,1,0,1,0
All CA and Non-CA Counties,2020,7,43,0,43,0
All CA and Non-CA Counties,2020,8,1045,73,970,0
All CA and Non-CA Counties,2020,9,2969,1115,1851,0
All CA and Non-CA Counties,2020,10,3857,1561,2327,0
All CA and Non-CA Counties,2020,11,4785,2005,3070,0
All CA and Non-CA Counties,2020,12,569206,3149,566381,2
All CA and Non-CA Counties,2021,1,3960147,684974,3268231,20
All CA and Non-CA Counties,2021,2,10209696,3371106,6811790,36
All CA and Non-CA Counties,2021,3,20600713,7911841,13091762,98
All CA and Non-CA Counties,2021,4,32409605,14116034,19346647,190
All CA and Non-CA Counties,2021,5,39599413,18815867,22020588,282
All CA and Non-CA Counties,2021,6,43111390,21116508,23376587,351
All CA and Non-CA Counties,2021,7,45230454,22167510,24513442,401
All CA and Non-CA Counties,2021,8,47948956,23329713,25943154,464
All CA and Non-CA Counties,2021,9,50448822,24447929,26783941,552
All CA and Non-CA Counties,2021,10,53860016,25180969,27430639,694
All CA and Non-CA Counties,2021,11,59408375,25863852,28686974,985
All CA and Non-CA Counties,2021,12,65730328,26941970,29671981,1574
All CA and Non-CA Counties,2022,1,70338552,27610848,30513735,2193
All CA and Non-CA Counties,2022,2,72186060,28058891,30865398,2460
All CA and Non-CA Counties,2022,3,73253198,28282104,31067419,2685
All CA and Non-CA Counties,2022,4,75194177,28425828,31219363,2956
All CA and Non-CA Counties,2022,5,76741069,28537092,31346461,3269
All CA and Non-CA Counties,2022,6,77945929,28629458,31513912,3579
All CA and Non-CA Counties,2022,7,79095987,28739251,31725510,3946
All CA and Non-CA Counties,2022,8,79836151,28853314,31873904,4491
All CA and Non-CA Counties,2022,9,81661523,28929275,32004940,1364509
All CA and Non-CA Counties,2022,10,84192210,28983094,32157199,3534835
All CA and Non-CA Counties,2022,11,86051344,29021458,32282600,5202474
All CA and Non-CA Counties,2022,12,87414208,29051689,32393190,6438271
All CA and Non-CA Counties,2023,1,88044955,29078797,32464404,6991412
All CA and Non-CA Counties,2023,2,88352290,29097491,32505818,7248573
All CA and Non-CA Counties,2023,3,88610545,29115289,32545059,7460267
All CA and Non-CA Counties,2023,4,88839049,29124167,32575422,7661588
All CA and Non-CA Counties,2023,5,89211634,29127295,32607096,8016810
All CA and Non-CA Counties,2023,6,89441732,29129668,32634662,8232775
All CA and Non-CA Counties,2023,7,89594946,29131532,32660302,8375656
All CA and Non-CA Counties,2023,8,89775672,29133463,32690576,8545151
All CA and Non-CA Counties,2023,9,89826888,29133922,32700707,8591085
Alpine,2020,1,0,0,0,0
Alpine,2020,7,0,0,0,0
Alpine,2020,8,0,0,0,0
Alpine,2020,9,0,0,0,0
Alpine,2020,10,0,0,0,0
Alpine,2020,11,0,0,0,0
Alpine,2020,12,18,0,18,0
Alpine,2021,1,204,9,192,0
Alpine,2021,2,449,186,259,0
Alpine,2021,3,710,246,461,0
Alpine,2021,4,1019,467,549,0
Alpine,2021,5,1079,514,564,0
Alpine,2021,6,1098,529,567,0
Alpine,2021,7,1104,531,571,0
Alpine,2021,8,1118,533,578,0
Alpine,2021,9,1163,538,587,0
Alpine,2021,10,1207,542,591,0
Alpine,2021,11,1340,553,605,0
Alpine,2021,12,1442,560,622,0
Alpine,2022,1,1506,571,636,0
Alpine,2022,2,1523,574,637,0
Alpine,2022,3,1531,574,640,0
Alpine,2022,4,1588,576,642,0
Alpine,2022,5,1631,578,643,0
Alpine,2022,6,1653,582,644,0
Alpine,2022,7,1679,585,648,0
Alpine,2022,8,1684,585,651,0
Alpine,2022,9,1706,587,651,17
Alpine,2022,10,1821,588,655,92
Alpine,2022,11,1850,588,657,119
Alpine,2022,12,1858,588,657,126
Alpine,2023,1,1862,588,658,130
Alpine,2023,2,1869,588,660,137
Alpine,2023,3,1871,588,661,139
Alpine,2023,4,1874,588,661,142
Alpine,2023,5,1919,588,662,187
Alpine,2023,6,1920,588,662,188
Alpine,2023,7,1920,588,662,188
Alpine,2023,8,1920,588,662,188
Alpine,2023,9,1920,588,662,188
Amador,2020,1,0,0,0,0
Amador,2020,7,0,0,0,0
Amador,2020,8,1,0,1,0
Amador,2020,9,2,0,1,0
Amador,2020,10,2,0,1,0
Amador,2020,11,3,0,2,0
Amador,2020,12,633,2,629,0
Amador,2021,1,4215,751,3453,0
Amador,2021,2,11750,3528,8198,0
Amador,2021,3,22258,8903,13699,0
Amador,2021,4,30249,13959,16864,1
Amador,2021,5,33881,16380,18280,1
Amador,2021,6,35563,17532,19012,1
Amador,2021,7,36696,18107,19690,1
Amador,2021,8,38637,18852,20862,1
Amador,2021,9,40582,19827,21520,1
Amador,2021,10,43998,20399,21947,1
Amador,2021,11,48456,20762,22434,2
Amador,2021,12,51563,21109,22775,2
Amador,2022,1,54206,21425,23148,2
Amador,2022,2,55179,21591,23280,3
Amador,2022,3,55848,21703,23367,3
Amador,2022,4,57618,21790,23441,3
Amador,2022,5,59077,21867,23494,4
Amador,2022,6,60007,21922,23550,4
Amador,2022,7,60834,21966,23609,4
Amador,2022,8,61320,22016,23652,6
Amador,2022,9,62692,22035,23719,1070
Amador,2022,10,65074,22045,23798,3191
Amador,2022,11,66522,22054,23855,4493
Amador,2022,12,67486,22064,23898,5387
Amador,2023,1,67775,22074,23917,5645
Amador,2023,2,67931,22080,23929,5782
Amador,2023,3,68044,22083,23938,5888
Amador,2023,4,68181,22084,23947,6014
Amador,2023,5,68450,22084,23956,6273
Amador,2023,6,68653,22084,23966,6472
Amador,2023,7,68776,22084,23971,6594
Amador,2023,8,68936,22084,23977,6750
Amador,2023,9,68969,22084,23979,6782
Butte,2020,1,0,0,0,0
Butte,2020,7,0,0,0,0
Butte,2020,8,9,0,9,0
Butte,2020,9,20,5,15,0
Butte,2020,10,24,6,18,0
Butte,2020,11,29,7,22,0
Butte,2020,12,3792,7,3785,0
Butte,2021,1,26721,5004,21701,0
Butte,2021,2,60157,21180,38881,1
Butte,2021,3,104593,41565,65345,1
Butte,2021,4,145651,67476,82818,2
Butte,2021,5,164832,79078,91339,2
Butte,2021,6,177144,86889,96395,3
Butte,2021,7,185544,91090,100994,3
Butte,2021,8,198095,96270,108183,3
Butte,2021,9,210924,102264,113075,4
Butte,2021,10,226059,106108,115757,4
Butte,2021,11,247278,108757,119131,5
Butte,2021,12,269288,111941,121999,5
Butte,2022,1,284866,114201,124411,6
Butte,2022,2,292465,115632,125488,7
Butte,2022,3,297176,116494,126182,8
Butte,2022,4,303696,116961,126612,9
Butte,2022,5,309117,117360,126958,10
Butte,2022,6,313244,117680,127420,10
Butte,2022,7,317022,117958,127906,11
Butte,2022,8,319766,118311,128380,12
Butte,2022,9,326577,118523,128761,5190
Butte,2022,10,336711,118687,129300,14112
Butte,2022,11,343197,118824,129716,19973
Butte,2022,12,347326,118948,129992,23722
Butte,2023,1,349335,119047,130202,25495
Butte,2023,2,350180,119109,130306,26205
Butte,2023,3,350890,119172,130378,26805
Butte,2023,4,351433,119195,130427,27307
Butte,2023,5,352629,119201,130491,28471
Butte,2023,6,353255,119202,130529,29079
Butte,2023,7,353633,119211,130572,29439
Butte,2023,8,354139,119214,130605,29930
Butte,2023,9,354294,119214,130613,30078
Calaveras,2020,1,0,0,0,0
Calaveras,2020,7,0,0,0,0
Calaveras,2020,8,0,0,0,0
Calaveras,2020,9,0,0,0,0
Calaveras,2020,10,1,0,1,0
Calaveras,2020,11,5,0,5,0
Calaveras,2020,12,632,4,628,0
Calaveras,2021,1,4311,645,3648,0
Calaveras,2021,2,12265,3456,8751,0
Calaveras,2021,3,23216,9597,13811,1
Calaveras,2021,4,32261,14919,17749,1
Calaveras,2021,5,36454,17547,19533,1
Calaveras,2021,6,38681,19033,20417,1
Calaveras,2021,7,40167,19699,21299,1
Calaveras,2021,8,42536,20669,22629,1
Calaveras,2021,9,45128,21913,23589,1
Calaveras,2021,10,48792,22582,24164,1
Calaveras,2021,11,53967,23005,24760,2
Calaveras,2021,12,57848,23384,25200,3
Calaveras,2022,1,60596,23655,25633,4
Calaveras,2022,2,61715,23915,25804,4
Calaveras,2022,3,62478,24060,25896,4
Calaveras,2022,4,64819,24181,25986,5
Calaveras,2022,5,66405,24285,26065,5
Calaveras,2022,6,67338,24345,26136,6
Calaveras,2022,7,68273,24398,26201,6
Calaveras,2022,8,68717,24443,26261,8
Calaveras,2022,9,70335,24473,26300,1294
Calaveras,2022,10,72953,24484,26371,3628
Calaveras,2022,11,74340,24492,26417,4904
Calaveras,2022,12,75307,24502,26447,5820
Calaveras,2023,1,75667,24510,26458,6149
Calaveras,2023,2,75830,24512,26465,6297
Calaveras,2023,3,75932,24516,26476,6385
Calaveras,2023,4,76047,24520,26483,6491
Calaveras,2023,5,76332,24522,26494,6755
Calaveras,2023,6,76472,24522,26501,6893
Calaveras,2023,7,76561,24522,26504,6978
Calaveras,2023,8,76662,24522,26507,7073
Calaveras,2023,9,76717,24522,26508,7127
Colusa,2020,1,0,0,0,0
Colusa,2020,7,0,0,0,0
Colusa,2020,8,0,0,0,0
Colusa,2020,9,0,0,0,0
Colusa,2020,10,0,0,0,0
Colusa,2020,11,0,0,0,0
Colusa,2020,12,127,0,127,0
Colusa,2021,1,1101,127,975,0
Colusa,2021,2,4080,1003,3076,0
Colusa,2021,3,9215,3646,5947,0
Colusa,2021,4,14032,6281,8459,0
Colusa,2021,5,16893,8090,9620,0
Colusa,2021,6,18424,9075,10197,0
Colusa,2021,7,19509,9580,10808,0
Colusa,2021,8,21167,10241,11795,0
Colusa,2021,9,22610,11087,12339,0
Colusa,2021,10,23711,11514,12647,0
Colusa,2021,11,25462,11826,13073,0
Colusa,2021,12,27835,12237,13517,0
Colusa,2022,1,29749,12606,13853,0
Colusa,2022,2,30743,12862,14083,1
Colusa,2022,3,31277,13005,14166,1
Colusa,2022,4,31737,13068,14238,1
Colusa,2022,5,32144,13130,14281,1
Colusa,2022,6,32466,13169,14319,1
Colusa,2022,7,32764,13194,14356,1
Colusa,2022,8,32958,13223,14396,1
Colusa,2022,9,33324,13234,14427,281
Colusa,2022,10,33922,13252,14463,822
Colusa,2022,11,34354,13263,14488,1216
Colusa,2022,12,34630,13269,14504,1475
Colusa,2023,1,34769,13271,14520,1601
Colusa,2023,2,34844,13275,14530,1663
Colusa,2023,3,34893,13282,14545,1690
Colusa,2023,4,34917,13283,14548,1712
Colusa,2023,5,34949,13283,14551,1744
Colusa,2023,6,34975,13283,14554,1769
Colusa,2023,7,34998,13283,14555,1792
Colusa,2023,8,35035,13283,14561,1827
Colusa,2023,9,35049,13283,14563,1841
Contra Costa,2020,1,0,0,0,0
Contra Costa,2020,7,0,0,0,0
Contra Costa,2020,8,49,8,41,0
Contra Costa,2020,9,102,45,57,0
Contra Costa,2020,10,116,50,65,0
Contra Costa,2020,11,136,56,81,0
Contra Costa,2020,12,20288,74,20223,0
Contra Costa,2021,1,141705,25516,116049,1
Contra Costa,2021,2,366725,120973,245292,1
Contra Costa,2021,3,739160,289829,461758,2
Contra Costa,2021,4,1153193,517976,669905,3
Contra Costa,2021,5,1372085,664282,747445,10
Contra Costa,2021,6,1475540,735822,782622,13
Contra Costa,2021,7,1530324,763723,811274,15
Contra Costa,2021,8,1606400,795754,848866,19
Contra Costa,2021,9,1687603,826466,874910,21
Contra Costa,2021,10,1816176,850834,893747,33
Contra Costa,2021,11,2010705,869436,937886,42
Contra Costa,2021,12,2236031,910002,966060,58
Contra Costa,2022,1,2400259,931726,986984,84
Contra Costa,2022,2,2463394,944668,996045,96
Contra Costa,2022,3,2495276,950675,1000259,103
Contra Costa,2022,4,2573265,953962,1003408,116
Contra Costa,2022,5,2635261,956695,1006577,132
Contra Costa,2022,6,2684082,959018,1013257,142
Contra Costa,2022,7,2728154,962952,1021095,161
Contra Costa,2022,8,2755522,966913,1025586,184
Contra Costa,2022,9,2830977,970281,1029084,53945
Contra Costa,2022,10,2939702,972797,1033133,144561
Contra Costa,2022,11,3020251,974404,1036604,216404
Contra Costa,2022,12,3072300,975540,1039403,263528
Contra Costa,2023,1,3095876,976573,1041279,284338
Contra Costa,2023,2,3106653,977274,1042273,293403
Contra Costa,2023,3,3116047,977963,1043246,301277
Contra Costa,2023,4,3124860,978294,1043929,309241
Contra Costa,2023,5,3143346,978446,1044724,327027
Contra Costa,2023,6,3155083,978577,1045439,338192
Contra Costa,2023,7,3163058,978689,1046021,345631
Contra Costa,2023,8,3172188,978797,1046733,354169
Contra Costa,2023,9,3174461,978822,1046894,356150
Del Norte,2020,1,0,0,0,0
Del Norte,2020,7,0,0,0,0
Del Norte,2020,8,2,0,2,0
Del Norte,2020,9,4,2,2,0
Del Norte,2020,10,6,2,4,0
Del Norte,2020,11,9,4,6,0
Del Norte,2020,12,281,4,276,0
Del Norte,2021,1,1905,336,1561,0
Del Norte,2021,2,4892,1563,3319,0
Del Norte,2021,3,10507,4002,6614,0
Del Norte,2021,4,15201,6817,8893,0
Del Norte,2021,5,17590,8362,9839,1
Del Norte,2021,6,18976,9296,10415,1
Del Norte,2021,7,19794,9718,10886,1
Del Norte,2021,8,21844,10359,12332,1
Del Norte,2021,9,23830,11393,12988,1
Del Norte,2021,10,25725,11909,13357,1
Del Norte,2021,11,28038,12233,13813,1
Del Norte,2021,12,30426,12667,14263,1
Del Norte,2022,1,32242,12989,14633,1
Del Norte,2022,2,32945,13163,14773,1
Del Norte,2022,3,33584,13288,14915,1
Del Norte,2022,4,34644,13412,15009,1
Del Norte,2022,5,35460,13487,15094,1
Del Norte,2022,6,35931,13533,15138,1
Del Norte,2022,7,36390,13563,15204,1
Del Norte,2022,8,36712,13617,15255,1
Del Norte,2022,9,37390,13640,15297,515
Del Norte,2022,10,38600,13660,15342,1577
Del Norte,2022,11,39310,13667,15391,2214
Del Norte,2022,12,39764,13681,15424,2603
Del Norte,2023,1,40015,13693,15445,2816
Del Norte,2023,2,40141,13705,15453,2924
Del Norte,2023,3,40284,13714,15469,3040
Del Norte,2023,4,40360,13716,15479,3107
Del Norte,2023,5,40518,13716,15486,3260
Del Norte,2023,6,40609,13716,15493,3342
Del Norte,2023,7,40683,13716,15499,3412
Del Norte,2023,8,40735,13716,15505,3459
Del Norte,2023,9,40750,13716,15506,3473
El Dorado,2020,1,0,0,0,0
El Dorado,2020,7,1,0,1,0
El Dorado,2020,8,3,1,2,0
El Dorado,2020,9,11,5,6,0
El Dorado,2020,10,16,6,10,0
El Dorado,2020,11,25,7,17,0
El Dorado,2020,12,3170,15,3155,0
El Dorado,2021,1,21958,3764,18131,0
El Dorado,2021,2,56769,18720,37894,0
El Dorado,2021,3,103919,41369,64698,0
El Dorado,2021,4,149374,66988,86483,0
El Dorado,2021,5,176076,83782,97668,0
El Dorado,2021,6,189366,93236,102248,0
El Dorado,2021,7,196861,96812,106552,0
El Dorado,2021,8,207476,101420,112331,0
El Dorado,2021,9,217907,105645,115334,0
El Dorado,2021,10,233420,108259,117356,0
El Dorado,2021,11,257246,110546,121442,3
El Dorado,2021,12,280249,114012,124365,4
El Dorado,2022,1,296156,116112,126721,6
El Dorado,2022,2,301805,117323,127656,7
El Dorado,2022,3,305162,117953,128193,7
El Dorado,2022,4,314742,118413,128644,8
El Dorado,2022,5,322060,118843,129031,8
El Dorado,2022,6,327421,119181,129556,9
El Dorado,2022,7,332087,119513,130077,9
El Dorado,2022,8,334471,119796,130426,9
El Dorado,2022,9,342135,119980,130776,5941
El Dorado,2022,10,355699,120090,131330,17848
El Dorado,2022,11,364011,120189,131675,25515
El Dorado,2022,12,369250,120248,131944,30427
El Dorado,2023,1,371251,120316,132112,32238
El Dorado,2023,2,372112,120353,132214,33007
El Dorado,2023,3,372770,120388,132287,33589
El Dorado,2023,4,373494,120407,132321,34263
El Dorado,2023,5,374988,120412,132362,35724
El Dorado,2023,6,375790,120420,132407,36498
El Dorado,2023,7,376392,120425,132440,37072
El Dorado,2023,8,377129,120432,132475,37786
El Dorado,2023,9,377284,120434,132481,37923
Fresno,2020,1,0,0,0,0
Fresno,2020,7,1,0,1,0
Fresno,2020,8,3,0,3,0
Fresno,2020,9,5,1,4,0
Fresno,2020,10,10,1,9,0
Fresno,2020,11,18,4,14,0
Fresno,2020,12,11101,11,11077,0
Fresno,2021,1,79234,13560,65502,1
Fresno,2021,2,206073,63417,141824,1
Fresno,2021,3,468230,174541,306575,3
Fresno,2021,4,682695,309600,394916,3
Fresno,2021,5,793656,374144,443974,6
Fresno,2021,6,864519,417231,473297,8
Fresno,2021,7,916089,441516,501440,8
Fresno,2021,8,994253,473523,546042,9
Fresno,2021,9,1067405,510206,573353,10
Fresno,2021,10,1143742,532604,590517,11
Fresno,2021,11,1251906,550311,615384,18
Fresno,2021,12,1373849,574467,637933,24
Fresno,2022,1,1467779,591918,657119,35
Fresno,2022,2,1513646,604505,666100,40
Fresno,2022,3,1541136,611494,671340,42
Fresno,2022,4,1572859,615432,674581,48
Fresno,2022,5,1596949,618047,677105,48
Fresno,2022,6,1616967,620276,679910,59
Fresno,2022,7,1637755,622560,683448,63
Fresno,2022,8,1653800,625126,686707,77
Fresno,2022,9,1679986,626720,689000,18643
Fresno,2022,10,1717362,627755,691490,50300
Fresno,2022,11,1743562,628501,693449,73115
Fresno,2022,12,1763551,629271,695076,90375
Fresno,2023,1,1774699,629854,696168,99276
Fresno,2023,2,1780440,630272,696907,103282
Fresno,2023,3,1785490,630686,697663,106879
Fresno,2023,4,1789324,630862,698098,109659
Fresno,2023,5,1793975,630894,698450,113581
Fresno,2023,6,1797910,630924,698732,116241
Fresno,2023,7,1800185,630946,699009,118085
Fresno,2023,8,1802961,630964,699338,120397
Fresno,2023,9,1804268,630969,699428,121272
Glenn,2020,1,0,0,0,0
Glenn,2020,7,0,0,0,0
Glenn,2020,8,2,0,2,0
Glenn,2020,9,6,3,3,0
Glenn,2020,10,6,3,3,0
Glenn,2020,11,6,3,3,0
Glenn,2020,12,369,3,366,0
Glenn,2021,1,2379,399,1979,0
Glenn,2021,2,5987,1952,4026,0
Glenn,2021,3,11682,4691,7559,0
Glenn,2021,4,17098,8073,9830,0
Glenn,2021,5,19626,9672,10890,0
Glenn,2021,6,21283,10658,11650,0
Glenn,2021,7,22609,11334,12378,0
Glenn,2021,8,24450,12088,13520,0
Glenn,2021,9,26341,13097,14368,0
Glenn,2021,10,28285,13729,14892,0
Glenn,2021,11,31236,14149,15497,0
Glenn,2021,12,34068,14656,16099,1
Glenn,2022,1,36358,15082,16561,1
Glenn,2022,2,37411,15374,16807,1
Glenn,2022,3,38038,15567,16914,1
Glenn,2022,4,38707,15667,17001,1
Glenn,2022,5,39211,15744,17052,1
Glenn,2022,6,39648,15782,17110,1
Glenn,2022,7,40119,15830,17187,1
Glenn,2022,8,40474,15890,17261,1
Glenn,2022,9,40980,15926,17313,379
Glenn,2022,10,41980,15943,17367,1269
Glenn,2022,11,42571,15952,17411,1789
Glenn,2022,12,43015,15965,17439,2192
Glenn,2023,1,43246,15974,17463,2396
Glenn,2023,2,43371,15990,17476,2495
Glenn,2023,3,43451,15998,17488,2558
Glenn,2023,4,43518,16003,17500,2607
Glenn,2023,5,43601,16006,17507,2683
Glenn,2023,6,43643,16007,17512,2723
Glenn,2023,7,43675,16008,17518,2748
Glenn,2023,8,43700,16008,17522,2772
Glenn,2023,9,43707,16008,17525,2778
Humboldt,2020,1,0,0,0,0
Humboldt,2020,7,0,0,0,0
Humboldt,2020,8,1,0,1,0
Humboldt,2020,9,1,0,1,0
Humboldt,2020,10,2,0,2,0
Humboldt,2020,11,4,0,4,0
Humboldt,2020,12,2507,1,2503,0
Humboldt,2021,1,18134,2981,15099,0
Humboldt,2021,2,40659,14670,25878,1
Humboldt,2021,3,72712,29542,45482,1
Humboldt,2021,4,108370,48302,64104,1
Humboldt,2021,5,128891,62276,71779,1
Humboldt,2021,6,139341,69175,75975,1
Humboldt,2021,7,145240,72369,79179,1
Humboldt,2021,8,154253,75917,84506,1
Humboldt,2021,9,163031,79699,87124,1
Humboldt,2021,10,174242,81708,88675,3
Humboldt,2021,11,191922,83485,92168,3
Humboldt,2021,12,210419,86638,94434,5
Humboldt,2022,1,224145,88384,96372,12
Humboldt,2022,2,228869,89497,97102,13
Humboldt,2022,3,232019,90098,97553,14
Humboldt,2022,4,239344,90496,97909,14
Humboldt,2022,5,245152,90785,98233,18
Humboldt,2022,6,248966,91041,98613,20
Humboldt,2022,7,252417,91312,99149,22
Humboldt,2022,8,254805,91630,99580,26
Humboldt,2022,9,262429,91892,99929,5018
Humboldt,2022,10,272378,92083,100363,13166
Humboldt,2022,11,278812,92196,100761,18708
Humboldt,2022,12,282741,92316,100990,22109
Humboldt,2023,1,284757,92408,101157,23831
Humboldt,2023,2,285964,92456,101274,24846
Humboldt,2023,3,287083,92516,101406,25768
Humboldt,2023,4,288105,92545,101474,26669
Humboldt,2023,5,289975,92553,101552,28431
Humboldt,2023,6,291362,92557,101630,29725
Humboldt,2023,7,292384,92568,101688,30683
Humboldt,2023,8,293442,92575,101744,31688
Humboldt,2023,9,293704,92576,101769,31926
Imperial,2020,1,0,0,0,0
Imperial,2020,7,0,0,0,0
Imperial,2020,8,2,0,2,0
Imperial,2020,9,6,2,4,0
Imperial,2020,10,9,2,7,0
Imperial,2020,11,15,3,13,0
Imperial,2020,12,1709,6,1701,0
Imperial,2021,1,11258,1706,9538,0
Imperial,2021,2,34378,10018,24308,0
Imperial,2021,3,86901,33450,60777,0
Imperial,2021,4,146000,62484,93828,0
Imperial,2021,5,185130,85764,110792,1
Imperial,2021,6,215602,102326,126600,2
Imperial,2021,7,234922,112969,135898,2
Imperial,2021,8,253393,121163,146291,3
Imperial,2021,9,268428,129032,152825,5
Imperial,2021,10,283121,132898,156836,5
Imperial,2021,11,323418,139311,177581,10
Imperial,2021,12,377310,154217,200295,12
Imperial,2022,1,423386,163197,221820,15
Imperial,2022,2,443791,168908,230548,17
Imperial,2022,3,456758,171955,236580,18
Imperial,2022,4,466725,173733,239680,19
Imperial,2022,5,474435,175002,242162,21
Imperial,2022,6,483329,176357,244970,25
Imperial,2022,7,493990,177886,249039,27
Imperial,2022,8,501910,179088,252248,28
Imperial,2022,9,509354,179671,255123,3510
Imperial,2022,10,517740,180136,257654,8981
Imperial,2022,11,524944,180456,259931,13914
Imperial,2022,12,531474,180740,262149,18542
Imperial,2023,1,536220,180977,263906,22120
Imperial,2023,2,538936,181174,265127,23993
Imperial,2023,3,541745,181366,266539,25842
Imperial,2023,4,544365,181477,268228,27765
Imperial,2023,5,546996,181528,269928,30141
Imperial,2023,6,548960,181560,271222,31859
Imperial,2023,7,551111,181603,272843,33822
Imperial,2023,8,554190,181644,275023,36643
Imperial,2023,9,555263,181655,275786,37605
Inyo,2020,1,0,0,0,0
Inyo,2020,7,0,0,0,0
Inyo,2020,8,0,0,0,0
Inyo,2020,9,1,0,1,0
Inyo,2020,10,3,0,3,0
Inyo,2020,11,3,0,3,0
Inyo,2020,12,778,2,770,0
Inyo,2021,1,2939,786,2114,0
Inyo,2021,2,7045,2099,4859,0
Inyo,2021,3,11954,4846,7051,0
Inyo,2021,4,15981,7154,8994,0
Inyo,2021,5,18067,8641,9669,0
Inyo,2021,6,18981,9285,9994,0
Inyo,2021,7,19476,9498,10281,0
Inyo,2021,8,20329,9809,10776,0
Inyo,2021,9,21290,10204,11083,0
Inyo,2021,10,23098,10484,11340,0
Inyo,2021,11,26324,10791,11892,0
Inyo,2021,12,28189,11125,12138,0
Inyo,2022,1,29453,11334,12380,0
Inyo,2022,2,29882,11476,12462,0
Inyo,2022,3,30139,11523,12512,0
Inyo,2022,4,30989,11576,12554,1
Inyo,2022,5,31617,11621,12587,1
Inyo,2022,6,31975,11643,12615,1
Inyo,2022,7,32404,11667,12652,1
Inyo,2022,8,32636,11689,12704,1
Inyo,2022,9,33470,11703,12737,678
Inyo,2022,10,34791,11721,12781,1882
Inyo,2022,11,35524,11730,12809,2570
Inyo,2022,12,35976,11735,12825,2995
Inyo,2023,1,36121,11738,12836,3125
Inyo,2023,2,36170,11741,12844,3161
Inyo,2023,3,36215,11747,12853,3189
Inyo,2023,4,36256,11749,12858,3223
Inyo,2023,5,36392,11749,12869,3352
Inyo,2023,6,36449,11749,12874,3409
Inyo,2023,7,36473,11749,12878,3433
Inyo,2023,8,36507,11749,12881,3464
Inyo,2023,9,36512,11749,12882,3468
Kern,2020,1,0,0,0,0
Kern,2020,7,0,0,0,0
Kern,2020,8,6,0,6,0
Kern,2020,9,10,2,8,0
Kern,2020,10,11,2,9,0
Kern,2020,11,17,3,15,0
Kern,2020,12,5875,4,5872,0
Kern,2021,1,54049,7681,46332,0
Kern,2021,2,146866,47381,99132,0
Kern,2021,3,323773,121733,214496,0
Kern,2021,4,498856,226739,293988,1
Kern,2021,5,587299,278250,333685,1
Kern,2021,6,644146,313062,357635,1
Kern,2021,7,686495,333020,381258,1
Kern,2021,8,752137,358894,421167,1
Kern,2021,9,815903,392438,447364,4
Kern,2021,10,878003,414856,464711,7
Kern,2021,11,962197,431941,485999,9
Kern,2021,12,1051580,450813,504256,12
Kern,2022,1,1126267,465112,521710,17
Kern,2022,2,1164581,476304,529810,19
Kern,2022,3,1185934,482086,534486,20
Kern,2022,4,1208771,485207,537339,21
Kern,2022,5,1226529,487436,539612,25
Kern,2022,6,1240976,489270,541914,26
Kern,2022,7,1256157,491108,544644,30
Kern,2022,8,1267861,492924,547002,34
Kern,2022,9,1284186,494068,548656,11879
Kern,2022,10,1307261,494887,550352,31574
Kern,2022,11,1324431,495449,551494,46894
Kern,2022,12,1337740,495904,552642,58682
Kern,2023,1,1345020,496311,553441,64847
Kern,2023,2,1348602,496625,553941,67669
Kern,2023,3,1351308,496877,554376,69730
Kern,2023,4,1353175,496967,554648,71292
Kern,2023,5,1355505,496984,554906,73519
Kern,2023,6,1357026,496994,555105,74951
Kern,2023,7,1358215,497002,555338,76083
Kern,2023,8,1360241,497013,555603,78032
Kern,2023,9,1360856,497017,555688,78623
Kings,2020,1,0,0,0,0
Kings,2020,7,0,0,0,0
Kings,2020,8,1,0,1,0
Kings,2020,9,1,0,1,0
Kings,2020,10,1,0,1,0
Kings,2020,11,2,0,2,0
Kings,2020,12,990,3,1019,0
Kings,2021,1,8098,1194,6947,0
Kings,2021,2,21636,6635,14999,0
Kings,2021,3,49735,18369,33260,0
Kings,2021,4,72302,33554,42435,0
Kings,2021,5,83572,39963,47698,0
Kings,2021,6,91058,44614,50739,0
Kings,2021,7,96844,47144,54161,0
Kings,2021,8,106801,51108,60205,0
Kings,2021,9,116244,56121,64187,0
Kings,2021,10,125160,59348,66691,0
Kings,2021,11,137288,61659,69824,0
Kings,2021,12,150255,64340,72773,0
Kings,2022,1,161013,66535,75725,2
Kings,2022,2,165943,68091,76709,3
Kings,2022,3,169190,68870,77392,4
Kings,2022,4,172602,69376,77864,4
Kings,2022,5,175075,69746,78226,5
Kings,2022,6,177165,70048,78619,5
Kings,2022,7,179449,70369,79070,5
Kings,2022,8,181217,70707,79518,5
Kings,2022,9,183536,70895,79808,1674
Kings,2022,10,187003,71016,80138,4655
Kings,2022,11,189459,71124,80399,6746
Kings,2022,12,191501,71198,80662,8484
Kings,2023,1,192428,71270,80774,9216
Kings,2023,2,192961,71312,80853,9607
Kings,2023,3,193464,71361,80932,9952
Kings,2023,4,193754,71377,80986,10173
Kings,2023,5,194155,71378,81051,10528
Kings,2023,6,194447,71379,81090,10752
Kings,2023,7,194650,71380,81120,10929
Kings,2023,8,194946,71381,81164,11195
Kings,2023,9,195092,71381,81197,11315
Lake,2020,1,0,0,0,0
Lake,2020,7,0,0,0,0
Lake,2020,8,0,0,0,0
Lake,2020,9,0,0,0,0
Lake,2020,10,1,0,1,0
Lake,2020,11,4,1,3,0
Lake,2020,12,680,2,677,0
Lake,2021,1,7068,1052,6007,0
Lake,2021,2,16630,5348,11248,0
Lake,2021,3,31153,13049,18982,0
Lake,2021,4,41391,18903,23949,0
Lake,2021,5,47718,23107,26503,0
Lake,2021,6,51560,25467,28275,0
Lake,2021,7,54978,27032,30355,0
Lake,2021,8,59611,29053,33038,1
Lake,2021,9,64065,31125,34890,1
Lake,2021,10,68214,32289,35798,1
Lake,2021,11,74703,33088,36741,1
Lake,2021,12,81194,33897,37745,3
Lake,2022,1,86082,34500,38677,5
Lake,2022,2,88581,35100,39143,5
Lake,2022,3,89980,35430,39428,6
Lake,2022,4,92140,35641,39608,6
Lake,2022,5,94211,35810,39823,6
Lake,2022,6,95536,35952,39957,6
Lake,2022,7,96535,36023,40088,8
Lake,2022,8,97326,36105,40217,8
Lake,2022,9,98605,36146,40296,874
Lake,2022,10,100720,36176,40403,2694
Lake,2022,11,102482,36191,40507,4286
Lake,2022,12,103786,36207,40600,5483
Lake,2023,1,104430,36227,40668,6060
Lake,2023,2,104667,36238,40695,6267
Lake,2023,3,104949,36247,40727,6512
Lake,2023,4,105274,36254,40747,6818
Lake,2023,5,105612,36254,40780,7135
Lake,2023,6,105791,36254,40796,7302
Lake,2023,7,105923,36256,40807,7428
Lake,2023,8,106102,36256,40827,7602
Lake,2023,9,106154,36256,40831,7650
Lassen,2020,1,0,0,0,0
Lassen,2020,7,0,0,0,0
Lassen,2020,8,1,0,1,0
Lassen,2020,9,2,1,1,0
Lassen,2020,10,3,1,2,0
Lassen,2020,11,4,2,2,0
Lassen,2020,12,173,2,171,0
Lassen,2021,1,1852,210,1613,0
Lassen,2021,2,3960,1519,2400,0
Lassen,2021,3,7386,2782,4954,0
Lassen,2021,4,10088,4933,5734,0
Lassen,2021,5,11170,5635,6317,0
Lassen,2021,6,11829,6065,6649,0
Lassen,2021,7,12353,6314,6974,0
Lassen,2021,8,13242,6670,7571,0
Lassen,2021,9,14352,7225,8131,0
Lassen,2021,10,15909,7768,8748,0
Lassen,2021,11,17818,8230,9140,0
Lassen,2021,12,19242,8497,9378,1
Lassen,2022,1,20210,8614,9563,2
Lassen,2022,2,20634,8713,9646,2
Lassen,2022,3,20913,8772,9693,2
Lassen,2022,4,21432,8820,9718,3
Lassen,2022,5,21828,8842,9756,5
Lassen,2022,6,22101,8880,9803,5
Lassen,2022,7,22319,8912,9825,5
Lassen,2022,8,22476,8933,9851,5
Lassen,2022,9,22894,8948,9884,334
Lassen,2022,10,23496,8956,9923,859
Lassen,2022,11,23878,8961,9953,1191
Lassen,2022,12,24066,8963,9981,1341
Lassen,2023,1,24164,8969,9985,1422
Lassen,2023,2,24227,8970,9997,1479
Lassen,2023,3,24259,8974,10005,1502
Lassen,2023,4,24294,8975,10007,1533
Lassen,2023,5,24360,8975,10013,1595
Lassen,2023,6,24394,8975,10017,1627
Lassen,2023,7,24406,8975,10019,1639
Lassen,2023,8,24441,8975,10021,1674
Lassen,2023,9,24450,8975,10022,1683
Los Angeles,2020,1,0,0,0,0
Los Angeles,2020,7,4,0,4,0
Los Angeles,2020,8,189,12,177,0
Los Angeles,2020,9,690,232,459,0
Los Angeles,2020,10,983,388,615,0
Los Angeles,2020,11,1275,527,851,0
Los Angeles,2020,12,144519,882,143760,1
Los Angeles,2021,1,1034515,171701,860364,4
Los Angeles,2021,2,2527689,884084,1634934,7
Los Angeles,2021,3,5204151,1957345,3353668,20
Los Angeles,2021,4,8293398,3605724,4993137,42
Los Angeles,2021,5,10168352,4823348,5693786,64
Los Angeles,2021,6,11092345,5415876,6059329,73
Los Angeles,2021,7,11678664,5703692,6377390,82
Los Angeles,2021,8,12390451,6019168,6740579,90
Los Angeles,2021,9,13018335,6298041,6955648,116
Los Angeles,2021,10,13904913,6501632,7152718,144
Los Angeles,2021,11,15373144,6713316,7492187,209
Los Angeles,2021,12,17007690,7004860,7743137,353
Los Angeles,2022,1,18189923,7188132,7955576,523
Los Angeles,2022,2,18638122,7302238,8037078,580
Los Angeles,2022,3,18910022,7356502,8084678,636
Los Angeles,2022,4,19381699,7392254,8120703,696
Los Angeles,2022,5,19745693,7420669,8150528,771
Los Angeles,2022,6,20036597,7444095,8185841,870
Los Angeles,2022,7,20326349,7468921,8233066,978
Los Angeles,2022,8,20509688,7495941,8266714,1183
Los Angeles,2022,9,20943938,7513151,8293982,333031
Los Angeles,2022,10,21524544,7525742,8324291,837851
Los Angeles,2022,11,21964532,7534683,8349334,1236863
Los Angeles,2022,12,22319306,7541617,8372372,1562496
Los Angeles,2023,1,22481784,7547875,8387552,1706834
Los Angeles,2023,2,22562478,7552170,8396225,1776011
Los Angeles,2023,3,22630095,7556351,8404070,1833138
Los Angeles,2023,4,22686690,7558409,8409485,1883938
Los Angeles,2023,5,22766334,7559140,8415271,1959905
Los Angeles,2023,6,22816441,7559677,8419983,2007275
Los Angeles,2023,7,22849175,7560071,8423916,2037836
Los Angeles,2023,8,22888288,7560447,8428679,2074408
Los Angeles,2023,9,22899300,7560559,8429942,2084268
Madera,2020,1,0,0,0,0
Madera,2020,7,0,0,0,0
Madera,2020,8,0,0,0,0
Madera,2020,9,1,0,1,0
Madera,2020,10,3,1,3,0
Madera,2020,11,4,1,4,0
Madera,2020,12,1241,4,1232,0
Madera,2021,1,10501,1484,8983,0
Madera,2021,2,29771,8793,20816,0
Madera,2021,3,65228,24660,42323,0
Madera,2021,4,95924,43297,55732,0
Madera,2021,5,112465,53784,62404,0
Madera,2021,6,121246,59328,66042,0
Madera,2021,7,127978,62438,69943,0
Madera,2021,8,138310,66427,76181,0
Madera,2021,9,148183,71606,79996,1
Madera,2021,10,158457,74529,82452,1
Madera,2021,11,173907,76860,86128,1
Madera,2021,12,190664,80080,89758,1
Madera,2022,1,204166,82766,92516,2
Madera,2022,2,210557,84643,93981,2
Madera,2022,3,214448,85792,94859,2
Madera,2022,4,219057,86406,95410,2
Madera,2022,5,222375,86752,95735,2
Madera,2022,6,225014,87076,96081,3
Madera,2022,7,227843,87374,96582,3
Madera,2022,8,229988,87728,97007,5
Madera,2022,9,232855,87907,97286,1881
Madera,2022,10,237725,88054,97644,5836
Madera,2022,11,241174,88164,97898,8714
Madera,2022,12,243822,88238,98122,10952
Madera,2023,1,245237,88323,98279,12036
Madera,2023,2,246021,88386,98380,12576
Madera,2023,3,246724,88454,98459,13077
Madera,2023,4,247225,88478,98521,13427
Madera,2023,5,247836,88482,98583,13945
Madera,2023,6,248365,88490,98621,14292
Madera,2023,7,248689,88493,98664,14530
Madera,2023,8,249126,88497,98705,14899
Madera,2023,9,249291,88500,98717,15013
Marin,2020,1,0,0,0,0
Marin,2020,7,0,0,0,0
Marin,2020,8,4,0,4,0
Marin,2020,9,12,4,8,0
Marin,2020,10,16,5,11,0
Marin,2020,11,20,7,14,0
Marin,2020,12,5262,11,5251,0
Marin,2021,1,37172,5989,31133,0
Marin,2021,2,100093,31458,68467,0
Marin,2021,3,211849,85168,129420,0
Marin,2021,4,309300,140826,176189,0
Marin,2021,5,358471,172790,194951,0
Marin,2021,6,379911,189064,201086,0
Marin,2021,7,388507,193751,205555,0
Marin,2021,8,402744,198336,210749,0
Marin,2021,9,416707,201880,213349,1
Marin,2021,10,446083,204404,215840,2
Marin,2021,11,501760,207518,229499,4
Marin,2021,12,562901,219994,234878,6
Marin,2022,1,595185,223207,238537,6
Marin,2022,2,605104,224991,239946,7
Marin,2022,3,611990,226012,240760,7
Marin,2022,4,638288,226857,241658,9
Marin,2022,5,660701,227630,242526,10
Marin,2022,6,675791,228229,244429,11
Marin,2022,7,687731,229304,246724,12
Marin,2022,8,694802,230925,247931,16
Marin,2022,9,717943,231877,248990,15133
Marin,2022,10,755668,232366,250256,44811
Marin,2022,11,780245,232696,251242,66565
Marin,2022,12,794623,232965,252064,79456
Marin,2023,1,799880,233205,252517,84003
Marin,2023,2,802665,233393,252821,86270
Marin,2023,3,805237,233602,253092,88372
Marin,2023,4,808686,233696,253284,91519
Marin,2023,5,817845,233732,253583,100338
Marin,2023,6,822101,233761,253803,104386
Marin,2023,7,824475,233783,253962,106599
Marin,2023,8,826919,233804,254104,108888
Marin,2023,9,827438,233807,254142,109365
Mariposa,2020,1,0,0,0,0
Mariposa,2020,7,0,0,0,0
Mariposa,2020,8,0,0,0,0
Mariposa,2020,9,0,0,0,0
Mariposa,2020,10,2,0,2,0
Mariposa,2020,11,3,1,2,0
Mariposa,2020,12,308,1,308,0
Mariposa,2021,1,1566,307,1258,0
Mariposa,2021,2,4674,1171,3474,0
Mariposa,2021,3,8633,3363,5511,0
Mariposa,2021,4,12006,5101,7257,0
Mariposa,2021,5,13697,6201,7890,0
Mariposa,2021,6,14421,6714,8147,0
Mariposa,2021,7,14898,6920,8433,0
Mariposa,2021,8,15695,7248,8905,0
Mariposa,2021,9,16425,7608,9162,0
Mariposa,2021,10,17323,7832,9391,0
Mariposa,2021,11,19797,8319,9788,0
Mariposa,2021,12,21240,8566,9996,1
Mariposa,2022,1,22325,8708,10173,3
Mariposa,2022,2,22684,8789,10222,3
Mariposa,2022,3,22900,8830,10258,3
Mariposa,2022,4,23646,8890,10302,3
Mariposa,2022,5,24296,8945,10329,3
Mariposa,2022,6,24659,8985,10369,3
Mariposa,2022,7,24952,9021,10391,3
Mariposa,2022,8,25092,9037,10414,4
Mariposa,2022,9,25795,9045,10441,559
Mariposa,2022,10,26904,9052,10489,1563
Mariposa,2022,11,27462,9055,10528,2068
Mariposa,2022,12,27796,9059,10548,2372
Mariposa,2023,1,27969,9061,10565,2520
Mariposa,2023,2,28019,9062,10567,2565
Mariposa,2023,3,28058,9063,10568,2601
Mariposa,2023,4,28111,9064,10574,2644
Mariposa,2023,5,28212,9064,10576,2740
Mariposa,2023,6,28298,9065,10579,2812
Mariposa,2023,7,28356,9065,10580,2866
Mariposa,2023,8,28410,9065,10584,2919
Mariposa,2023,9,28430,9065,10585,2935
Mendocino,2020,1,0,0,0,0
Mendocino,2020,7,0,0,0,0
Mendocino,2020,8,1,0,1,0
Mendocino,2020,9,2,0,2,0
Mendocino,2020,10,3,0,3,0
Mendocino,2020,11,6,0,6,0
Mendocino,2020,12,1406,2,1376,0
Mendocino,2021,1,12997,1865,11077,1
Mendocino,2021,2,36438,11474,24857,1
Mendocino,2021,3,61636,26836,35717,1
Mendocino,2021,4,77611,35767,43735,1
Mendocino,2021,5,87547,41390,48495,1
Mendocino,2021,6,93629,45591,50727,1
Mendocino,2021,7,97480,47236,53156,1
Mendocino,2021,8,103915,49673,56782,1
Mendocino,2021,9,110108,52399,58695,1
Mendocino,2021,10,119425,54022,59897,1
Mendocino,2021,11,131159,55238,61923,1
Mendocino,2021,12,141592,57060,63472,1
Mendocino,2022,1,149510,58133,64875,3
Mendocino,2022,2,152579,58853,65410,3
Mendocino,2022,3,154540,59246,65712,4
Mendocino,2022,4,159860,59553,65968,9
Mendocino,2022,5,163518,59787,66212,9
Mendocino,2022,6,165939,59955,66435,9
Mendocino,2022,7,167892,60097,66704,9
Mendocino,2022,8,169137,60217,66885,10
Mendocino,2022,9,173775,60300,67089,2949
Mendocino,2022,10,179776,60377,67336,7672
Mendocino,2022,11,183575,60440,67522,10952
Mendocino,2022,12,186161,60483,67683,13234
Mendocino,2023,1,187155,60519,67772,14096
Mendocino,2023,2,187675,60550,67813,14528
Mendocino,2023,3,188129,60579,67889,14865
Mendocino,2023,4,188699,60603,67921,15376
Mendocino,2023,5,190069,60617,67973,16673
Mendocino,2023,6,190803,60625,68009,17387
Mendocino,2023,7,191203,60631,68035,17766
Mendocino,2023,8,191648,60634,68070,18193
Mendocino,2023,9,191748,60637,68082,18276
Merced,2020,1,0,0,0,0
Merced,2020,7,0,0,0,0
Merced,2020,8,1,0,1,0
Merced,2020,9,6,3,3,0
Merced,2020,10,7,3,4,0
Merced,2020,11,13,3,10,0
Merced,2020,12,1709,10,1693,0
Merced,2021,1,15997,2343,13501,0
Merced,2021,2,45339,12867,31978,0
Merced,2021,3,110600,40520,72690,0
Merced,2021,4,164259,72042,97396,1
Merced,2021,5,193437,88488,110695,2
Merced,2021,6,213099,100117,119137,2
Merced,2021,7,227842,107024,127220,3
Merced,2021,8,249399,115679,139779,3
Merced,2021,9,268970,125346,147422,3
Merced,2021,10,287862,131600,152253,5
Merced,2021,11,311321,136453,158020,7
Merced,2021,12,338792,142347,163561,9
Merced,2022,1,363528,147135,169478,14
Merced,2022,2,377384,151243,172383,17
Merced,2022,3,384826,153438,173894,18
Merced,2022,4,392136,154597,174781,18
Merced,2022,5,397817,155353,175427,19
Merced,2022,6,402320,155970,176080,21
Merced,2022,7,407147,156572,176830,24
Merced,2022,8,411047,157246,177573,31
Merced,2022,9,416224,157534,177986,3969
Merced,2022,10,423438,157760,178408,10235
Merced,2022,11,428606,157894,178797,14774
Merced,2022,12,432622,158032,179104,18293
Merced,2023,1,434464,158137,179291,19847
Merced,2023,2,435475,158215,179413,20648
Merced,2023,3,436331,158281,179559,21299
Merced,2023,4,436915,158313,179630,21799
Merced,2023,5,437583,158314,179706,22435
Merced,2023,6,437994,158314,179763,22822
Merced,2023,7,438363,158314,179826,23179
Merced,2023,8,438909,158316,179908,23712
Merced,2023,9,439067,158316,179932,23856
Modoc,2020,1,0,0,0,0
Modoc,2020,7,0,0,0,0
Modoc,2020,8,0,0,0,0
Modoc,2020,9,2,1,1,0
Modoc,2020,10,2,1,1,0
Modoc,2020,11,2,1,1,0
Modoc,2020,12,136,1,135,0
Modoc,2021,1,1181,126,1056,0
Modoc,2021,2,2725,1032,1695,0
Modoc,2021,3,4057,1872,2400,0
Modoc,2021,4,4807,2383,2679,0
Modoc,2021,5,5179,2622,2858,0
Modoc,2021,6,5480,2769,3041,0
Modoc,2021,7,5803,2963,3198,0
Modoc,2021,8,6149,3099,3414,0
Modoc,2021,9,6528,3288,3564,0
Modoc,2021,10,7086,3423,3681,0
Modoc,2021,11,7901,3514,3766,0
Modoc,2021,12,8343,3565,3830,0
Modoc,2022,1,8776,3611,3892,0
Modoc,2022,2,8926,3653,3914,0
Modoc,2022,3,9041,3682,3927,0
Modoc,2022,4,9264,3693,3937,0
Modoc,2022,5,9470,3702,3946,0
Modoc,2022,6,9590,3711,3959,0
Modoc,2022,7,9712,3721,3976,0
Modoc,2022,8,9778,3728,3980,0
Modoc,2022,9,9943,3731,3986,128
Modoc,2022,10,10249,3736,4006,403
Modoc,2022,11,10422,3738,4011,565
Modoc,2022,12,10566,3743,4016,694
Modoc,2023,1,10615,3745,4020,737
Modoc,2023,2,10645,3748,4021,763
Modoc,2023,3,10665,3748,4024,780
Modoc,2023,4,10680,3748,4026,792
Modoc,2023,5,10703,3748,4028,813
Modoc,2023,6,10722,3748,4028,831
Modoc,2023,7,10737,3748,4029,846
Modoc,2023,8,10755,3748,4030,863
Modoc,2023,9,10757,3748,4030,865
Mono,2020,1,0,0,0,0
Mono,2020,7,0,0,0,0
Mono,2020,8,0,0,0,0
Mono,2020,9,0,0,0,0
Mono,2020,10,0,0,0,0
Mono,2020,11,0,0,0,0
Mono,2020,12,381,0,381,0
Mono,2021,1,3145,445,2685,0
Mono,2021,2,7195,3278,3881,0
Mono,2021,3,10173,3945,6230,0
Mono,2021,4,13035,6135,6977,0
Mono,2021,5,14479,6862,7736,0
Mono,2021,6,15186,7418,7929,0
Mono,2021,7,15542,7556,8163,0
Mono,2021,8,16137,7777,8487,0
Mono,2021,9,16942,8054,8688,0
Mono,2021,10,18294,8219,8846,0
Mono,2021,11,19925,8363,9254,0
Mono,2021,12,21572,8674,9487,1
Mono,2022,1,22486,8805,9649,1
Mono,2022,2,22796,8873,9734,2
Mono,2022,3,23067,8930,9784,2
Mono,2022,4,23621,8960,9826,2
Mono,2022,5,23963,8986,9856,2
Mono,2022,6,24264,9009,9899,2
Mono,2022,7,24548,9031,9945,2
Mono,2022,8,24741,9062,9986,2
Mono,2022,9,25385,9091,10025,507
Mono,2022,10,26159,9108,10068,1204
Mono,2022,11,26705,9116,10113,1714
Mono,2022,12,27022,9125,10130,2009
Mono,2023,1,27116,9129,10141,2096
Mono,2023,2,27173,9131,10148,2146
Mono,2023,3,27210,9136,10155,2174
Mono,2023,4,27259,9137,10158,2219
Mono,2023,5,27343,9138,10164,2301
Mono,2023,6,27386,9138,10167,2340
Mono,2023,7,27409,9138,10167,2362
Mono,2023,8,27438,9139,10168,2389
Mono,2023,9,27442,9139,10169,2393
Monterey,2020,1,0,0,0,0
Monterey,2020,7,0,0,0,0
Monterey,2020,8,2,0,2,0
Monterey,2020,9,6,2,4,0
Monterey,2020,10,9,2,7,0
Monterey,2020,11,11,2,9,0
Monterey,2020,12,5513,3,5504,0
Monterey,2021,1,28646,6475,22033,0
Monterey,2021,2,86309,27213,58611,0
Monterey,2021,3,207086,71463,141690,1
Monterey,2021,4,350929,151433,213012,1
Monterey,2021,5,428553,204146,240334,1
Monterey,2021,6,466605,228924,255462,1
Monterey,2021,7,490463,240565,268180,1
Monterey,2021,8,520219,253218,284321,2
Monterey,2021,9,548509,266782,294624,2
Monterey,2021,10,583190,275319,301577,4
Monterey,2021,11,641327,282647,315205,5
Monterey,2021,12,704798,294580,326717,7
Monterey,2022,1,756366,303039,337899,9
Monterey,2022,2,781994,310026,343689,10
Monterey,2022,3,797005,314343,346785,14
Monterey,2022,4,816639,316891,348636,15
Monterey,2022,5,833335,318534,350155,17
Monterey,2022,6,845261,319827,351656,19
Monterey,2022,7,857714,320985,354083,21
Monterey,2022,8,866444,322201,355971,22
Monterey,2022,9,885636,323105,357456,12661
Monterey,2022,10,911971,323727,359357,34374
Monterey,2022,11,930709,324280,360797,50645
Monterey,2022,12,943196,324678,361874,61597
Monterey,2023,1,949310,325027,362557,66700
Monterey,2023,2,953233,325292,363049,69879
Monterey,2023,3,956581,325547,363453,72544
Monterey,2023,4,959637,325697,363720,75201
Monterey,2023,5,964941,325754,364011,80266
Monterey,2023,6,967576,325790,364236,82782
Monterey,2023,7,969239,325822,364433,84350
Monterey,2023,8,971126,325856,364625,86111
Monterey,2023,9,971672,325865,364692,86610
Napa,2020,1,0,0,0,0
Napa,2020,7,0,0,0,0
Napa,2020,8,0,0,0,0
Napa,2020,9,2,1,1,0
Napa,2020,10,4,1,3,0
Napa,2020,11,5,1,4,0
Napa,2020,12,3410,1,3422,0
Napa,2021,1,23981,3872,20087,0
Napa,2021,2,53811,20102,33605,0
Napa,2021,3,100173,39354,62161,0
Napa,2021,4,143814,63124,84057,0
Napa,2021,5,168155,79511,92759,0
Napa,2021,6,178777,86960,96291,0
Napa,2021,7,184059,89501,99231,0
Napa,2021,8,192694,92977,103523,0
Napa,2021,9,201103,96143,105626,0
Napa,2021,10,215266,97903,107101,0
Napa,2021,11,239929,99895,111599,1
Napa,2021,12,261792,103786,114595,1
Napa,2022,1,278705,106230,117440,2
Napa,2022,2,285135,107848,118520,2
Napa,2022,3,288787,108571,119069,2
Napa,2022,4,299693,109137,119552,2
Napa,2022,5,306354,109517,119939,3
Napa,2022,6,311302,109784,120422,3
Napa,2022,7,315463,110125,121130,3
Napa,2022,8,318144,110577,121570,4
Napa,2022,9,327404,110891,121983,6306
Napa,2022,10,340280,111066,122520,16839
Napa,2022,11,349113,111226,122970,24862
Napa,2022,12,353906,111336,123286,29136
Napa,2023,1,355846,111430,123436,30830
Napa,2023,2,356899,111475,123545,31749
Napa,2023,3,357836,111535,123645,32537
Napa,2023,4,358931,111563,123705,33540
Napa,2023,5,361838,111570,123804,36379
Napa,2023,6,363063,111580,123873,37549
Napa,2023,7,363932,111592,123920,38375
Napa,2023,8,364931,111595,123972,39327
Napa,2023,9,365150,111598,123992,39530
Nevada,2020,1,0,0,0,0
Nevada,2020,7,0,0,0,0
Nevada,2020,8,0,0,0,0
Nevada,2020,9,2,1,1,0
Nevada,2020,10,4,1,3,0
Nevada,2020,11,5,1,4,0
Nevada,2020,12,1110,2,1109,0
Nevada,2021,1,9249,1135,8103,0
Nevada,2021,2,29365,8227,21086,0
Nevada,2021,3,57876,22498,36376,0
Nevada,2021,4,84484,37611,48541,0
Nevada,2021,5,97414,45626,53777,0
Nevada,2021,6,103952,50279,55902,1
Nevada,2021,7,107446,51966,57890,2
Nevada,2021,8,112864,54063,61023,2
Nevada,2021,9,118432,56512,62602,2
Nevada,2021,10,126911,58053,63699,2
Nevada,2021,11,140350,59272,66076,2
Nevada,2021,12,152692,61275,67508,3
Nevada,2022,1,160275,62204,68623,3
Nevada,2022,2,163264,62745,69058,3
Nevada,2022,3,164871,63063,69303,3
Nevada,2022,4,170262,63400,69552,4
Nevada,2022,5,175115,63666,69777,4
Nevada,2022,6,178188,63848,69969,4
Nevada,2022,7,180841,64018,70323,4
Nevada,2022,8,182287,64194,70551,4
Nevada,2022,9,186614,64281,70789,3289
Nevada,2022,10,194215,64363,71193,9807
Nevada,2022,11,199826,64424,71474,14880
Nevada,2022,12,203294,64467,71680,18051
Nevada,2023,1,204534,64507,71767,19168
Nevada,2023,2,205230,64526,71839,19777
Nevada,2023,3,205615,64548,71885,20100
Nevada,2023,4,206084,64555,71914,20541
Nevada,2023,5,207165,64565,71957,21576
Nevada,2023,6,207730,64566,71983,22106
Nevada,2023,7,208088,64570,72007,22445
Nevada,2023,8,208494,64572,72037,22829
Nevada,2023,9,208623,64572,72042,22944
Orange,2020,1,1,0,1,0
Orange,2020,7,1,0,1,0
Orange,2020,8,53,6,47,0
Orange,2020,9,173,57,117,0
Orange,2020,10,246,89,162,0
Orange,2020,11,347,146,245,0
Orange,2020,12,45683,242,45495,0
Orange,2021,1,333678,53796,279462,0
Orange,2021,2,861161,308300,550258,5
Orange,2021,3,1703058,616406,1116436,25
Orange,2021,4,2746757,1197241,1621477,45
Orange,2021,5,3348832,1594877,1842519,52
Orange,2021,6,3633642,1779015,1952129,63
Orange,2021,7,3806036,1865458,2042778,66
Orange,2021,8,4019795,1958483,2150619,71
Orange,2021,9,4213742,2040584,2207848,79
Orange,2021,10,4486842,2091950,2251198,94
Orange,2021,11,4925439,2139641,2337335,125
Orange,2021,12,5443951,2215497,2409064,185
Orange,2022,1,5800782,2266302,2469771,249
Orange,2022,2,5921574,2298769,2490954,275
Orange,2022,3,5994966,2312752,2503432,295
Orange,2022,4,6145669,2323287,2513580,311
Orange,2022,5,6262726,2331651,2522598,337
Orange,2022,6,6352011,2338900,2532988,361
Orange,2022,7,6439339,2346432,2547582,392
Orange,2022,8,6491661,2354936,2557725,428
Orange,2022,9,6632188,2360522,2566253,109374
Orange,2022,10,6817219,2364511,2575949,272437
Orange,2022,11,6955158,2367407,2583868,398197
Orange,2022,12,7062317,2369743,2591003,497174
Orange,2023,1,7113661,2371828,2595863,543245
Orange,2023,2,7134868,2373088,2598348,561428
Orange,2023,3,7151314,2374209,2600385,575337
Orange,2023,4,7166455,2374747,2601977,589001
Orange,2023,5,7189275,2374912,2603493,610752
Orange,2023,6,7202295,2374984,2604720,623043
Orange,2023,7,7210372,2375048,2605624,630569
Orange,2023,8,7219777,2375115,2606689,639388
Orange,2023,9,7222740,2375136,2606999,641985
Outside California,2020,1,0,0,0,0
Outside California,2020,7,0,0,0,0
Outside California,2020,8,14,0,14,0
Outside California,2020,9,42,15,27,0
Outside California,2020,10,55,19,36,0
Outside California,2020,11,69,27,48,0
Outside California,2020,12,12216,36,12170,0
Outside California,2021,1,78478,11839,66430,0
Outside California,2021,2,180478,52942,126847,1
Outside California,2021,3,328242,115706,219099,2
Outside California,2021,4,490019,202065,307082,3
Outside California,2021,5,582079,260387,349176,8
Outside California,2021,6,631015,287743,379180,10
Outside California,2021,7,667166,303181,404942,15
Outside California,2021,8,712205,319099,434835,20
Outside California,2021,9,753461,333946,458579,24
Outside California,2021,10,805093,344807,483838,29
Outside California,2021,11,891340,355351,520522,43
Outside California,2021,12,1000511,366675,568241,59
Outside California,2022,1,1055695,373059,598552,83
Outside California,2022,2,1082911,377899,613262,98
Outside California,2022,3,1101514,381129,623249,111
Outside California,2022,4,1132752,384899,635188,124
Outside California,2022,5,1157428,387763,642690,136
Outside California,2022,6,1172390,389745,649022,142
Outside California,2022,7,1186391,391666,655976,151
Outside California,2022,8,1194875,392941,660648,166
Outside California,2022,9,1226144,393450,672164,26523
Outside California,2022,10,1276017,393776,686669,72018
Outside California,2022,11,1309735,394046,698281,103746
Outside California,2022,12,1333047,394262,707786,125649
Outside California,2023,1,1344557,394446,712940,136318
Outside California,2023,2,1349652,394548,715367,140910
Outside California,2023,3,1354241,394644,717631,144831
Outside California,2023,4,1358542,394680,719609,148747
Outside California,2023,5,1363652,394690,721137,153719
Outside California,2023,6,1366393,394699,722134,156361
Outside California,2023,7,1368396,394706,722962,158284
Outside California,2023,8,1370929,394708,724115,160750
Outside California,2023,9,1371701,394709,724417,161484
Placer,2020,1,0,0,0,0
Placer,2020,7,0,0,0,0
Placer,2020,8,10,0,10,0
Placer,2020,9,31,12,19,0
Placer,2020,10,41,18,23,0
Placer,2020,11,43,19,24,0
Placer,2020,12,7277,27,7245,0
Placer,2021,1,49676,8017,41620,0
Placer,2021,2,132600,46467,85912,0
Placer,2021,3,233013,94291,141675,1
Placer,2021,4,330875,145958,191110,2
Placer,2021,5,392297,185770,214616,2
Placer,2021,6,422889,207001,225249,3
Placer,2021,7,440344,215638,234845,3
Placer,2021,8,466471,226711,248743,4
Placer,2021,9,493050,237998,256132,4
Placer,2021,10,531198,244305,260672,5
Placer,2021,11,582481,249860,271322,10
Placer,2021,12,639196,259560,278455,15
Placer,2022,1,678705,265047,284123,18
Placer,2022,2,692613,268280,286029,19
Placer,2022,3,700385,269770,287169,22
Placer,2022,4,722425,270916,288183,25
Placer,2022,5,739307,271794,288986,26
Placer,2022,6,751009,272453,290161,28
Placer,2022,7,761514,273204,291588,30
Placer,2022,8,767603,273996,292509,35
Placer,2022,9,786007,274541,293333,14417
Placer,2022,10,815623,274968,294463,40802
Placer,2022,11,835505,275292,295253,59141
Placer,2022,12,847210,275496,295869,70013
Placer,2023,1,851713,275705,296234,74035
Placer,2023,2,853741,275835,296398,75802
Placer,2023,3,855224,275929,296559,77087
Placer,2023,4,856628,275972,296657,78365
Placer,2023,5,859615,275989,296807,81252
Placer,2023,6,861484,276000,296924,83048
Placer,2023,7,862626,276011,296988,84149
Placer,2023,8,864209,276025,297077,85677
Placer,2023,9,864614,276028,297114,86048
Plumas,2020,1,0,0,0,0
Plumas,2020,7,0,0,0,0
Plumas,2020,8,0,0,0,0
Plumas,2020,9,1,0,1,0
Plumas,2020,10,2,0,2,0
Plumas,2020,11,5,0,5,0
Plumas,2020,12,269,0,269,0
Plumas,2021,1,1553,243,1307,0
Plumas,2021,2,4410,1264,3134,0
Plumas,2021,3,9901,3600,6667,0
Plumas,2021,4,14170,6773,8003,0
Plumas,2021,5,15674,7751,8650,0
Plumas,2021,6,16540,8331,9023,0
Plumas,2021,7,17117,8638,9349,0
Plumas,2021,8,17839,8938,9805,0
Plumas,2021,9,18719,9384,10206,0
Plumas,2021,10,20041,9636,10459,0
Plumas,2021,11,22582,9837,10797,0
Plumas,2021,12,24281,10057,10978,0
Plumas,2022,1,25323,10190,11124,1
Plumas,2022,2,25692,10262,11179,1
Plumas,2022,3,26003,10303,11222,1
Plumas,2022,4,26854,10356,11249,1
Plumas,2022,5,27445,10386,11274,1
Plumas,2022,6,27862,10413,11297,1
Plumas,2022,7,28216,10437,11323,1
Plumas,2022,8,28395,10444,11347,2
Plumas,2022,9,29038,10453,11380,391
Plumas,2022,10,30118,10460,11404,1341
Plumas,2022,11,30851,10462,11429,2011
Plumas,2022,12,31258,10467,11449,2369
Plumas,2023,1,31411,10469,11460,2504
Plumas,2023,2,31476,10472,11464,2555
Plumas,2023,3,31509,10474,11467,2582
Plumas,2023,4,31575,10474,11467,2647
Plumas,2023,5,31699,10476,11472,2768
Plumas,2023,6,31761,10476,11472,2828
Plumas,2023,7,31784,10476,11472,2851
Plumas,2023,8,31842,10476,11478,2908
Plumas,2023,9,31859,10476,11479,2922
Riverside,2020,1,0,0,0,0
Riverside,2020,7,2,0,2,0
Riverside,2020,8,31,3,28,0
Riverside,2020,9,73,27,46,0
Riverside,2020,10,98,38,62,0
Riverside,2020,11,118,46,78,0
Riverside,2020,12,23623,80,23532,0
Riverside,2021,1,195679,28287,167066,10
Riverside,2021,2,539395,168297,369949,12
Riverside,2021,3,1046419,403067,664436,22
Riverside,2021,4,1604012,695423,949611,27
Riverside,2021,5,1942921,908508,1083320,32
Riverside,2021,6,2133149,1026837,1160783,38
Riverside,2021,7,2272272,1091680,1238089,43
Riverside,2021,8,2461502,1172900,1339458,46
Riverside,2021,9,2624594,1253136,1394268,51
Riverside,2021,10,2800831,1300320,1431656,63
Riverside,2021,11,3036908,1336493,1482422,80
Riverside,2021,12,3307494,1382004,1531268,112
Riverside,2022,1,3528807,1417111,1577309,141
Riverside,2022,2,3634727,1444751,1596982,151
Riverside,2022,3,3693994,1458197,1607769,160
Riverside,2022,4,3789948,1466810,1616198,175
Riverside,2022,5,3859668,1473131,1622579,196
Riverside,2022,6,3912168,1478337,1629233,210
Riverside,2022,7,3963482,1483625,1637215,226
Riverside,2022,8,3995604,1488448,1643295,248
Riverside,2022,9,4062836,1490918,1647767,50858
Riverside,2022,10,4154083,1492759,1653412,129454
Riverside,2022,11,4223135,1494116,1658217,191102
Riverside,2022,12,4277067,1495196,1662243,240201
Riverside,2023,1,4302650,1496073,1664839,263029
Riverside,2023,2,4314577,1496685,1666204,273089
Riverside,2023,3,4324933,1497316,1667591,281684
Riverside,2023,4,4333481,1497646,1668544,289275
Riverside,2023,5,4346286,1497730,1669419,301618
Riverside,2023,6,4353782,1497779,1670110,308756
Riverside,2023,7,4358861,1497815,1670756,313578
Riverside,2023,8,4364851,1497855,1671512,319268
Riverside,2023,9,4366664,1497863,1671679,320910
Sacramento,2020,1,0,0,0,0
Sacramento,2020,7,4,0,4,0
Sacramento,2020,8,73,6,67,0
Sacramento,2020,9,255,96,159,0
Sacramento,2020,10,308,136,172,0
Sacramento,2020,11,340,148,194,0
Sacramento,2020,12,21725,191,21536,0
Sacramento,2021,1,131498,25857,105523,0
Sacramento,2021,2,368937,115874,252426,0
Sacramento,2021,3,750849,286802,476989,0
Sacramento,2021,4,1158090,504652,681222,0
Sacramento,2021,5,1425646,669241,790680,1
Sacramento,2021,6,1564745,761569,841686,1
Sacramento,2021,7,1648166,803186,886544,2
Sacramento,2021,8,1757605,851257,945611,3
Sacramento,2021,9,1861359,899887,979616,6
Sacramento,2021,10,1994219,928906,1002357,10
Sacramento,2021,11,2192360,953381,1045720,18
Sacramento,2021,12,2417071,994790,1079267,30
Sacramento,2022,1,2592933,1022002,1109687,40
Sacramento,2022,2,2667085,1041288,1122483,46
Sacramento,2022,3,2708403,1051037,1129555,54
Sacramento,2022,4,2782224,1056958,1134539,62
Sacramento,2022,5,2842047,1061444,1138817,65
Sacramento,2022,6,2888928,1065119,1144952,69
Sacramento,2022,7,2932147,1069504,1152104,85
Sacramento,2022,8,2961988,1074057,1157768,92
Sacramento,2022,9,3032441,1077201,1162143,51966
Sacramento,2022,10,3139531,1079573,1167498,143804
Sacramento,2022,11,3214869,1081336,1171457,211158
Sacramento,2022,12,3261513,1082760,1174582,252735
Sacramento,2023,1,3283425,1083993,1176785,271273
Sacramento,2023,2,3295806,1084935,1178232,281321
Sacramento,2023,3,3305864,1085780,1179621,289243
Sacramento,2023,4,3313562,1086220,1180409,295756
Sacramento,2023,5,3327907,1086390,1181418,309341
Sacramento,2023,6,3337563,1086491,1182247,318463
Sacramento,2023,7,3344227,1086578,1182893,324739
Sacramento,2023,8,3351494,1086642,1183573,331659
Sacramento,2023,9,3353353,1086653,1183791,333356
San Benito,2020,1,0,0,0,0
San Benito,2020,7,0,0,0,0
San Benito,2020,8,0,0,0,0
San Benito,2020,9,2,1,1,0
San Benito,2020,10,3,1,2,0
San Benito,2020,11,3,1,2,0
San Benito,2020,12,848,2,844,0
San Benito,2021,1,4850,953,3870,0
San Benito,2021,2,12267,3764,8447,0
San Benito,2021,3,28255,10585,18541,0
San Benito,2021,4,47335,20081,29088,1
San Benito,2021,5,60349,28280,34092,1
San Benito,2021,6,66233,32195,36236,1
San Benito,2021,7,69745,33959,38138,2
San Benito,2021,8,74380,35991,40754,2
San Benito,2021,9,78599,38126,42310,2
San Benito,2021,10,83430,39444,43354,2
San Benito,2021,11,91775,40631,45128,5
San Benito,2021,12,101096,42482,46647,5
San Benito,2022,1,109208,43792,48080,6
San Benito,2022,2,113317,44900,48743,6
San Benito,2022,3,115111,45329,49051,6
San Benito,2022,4,117710,45595,49267,7
San Benito,2022,5,119933,45821,49446,8
San Benito,2022,6,121828,45988,49685,13
San Benito,2022,7,123712,46161,50016,15
San Benito,2022,8,124975,46353,50239,15
San Benito,2022,9,127544,46446,50409,1956
San Benito,2022,10,130966,46519,50626,4858
San Benito,2022,11,133545,46571,50767,7167
San Benito,2022,12,135263,46629,50868,8703
San Benito,2023,1,136078,46679,50944,9411
San Benito,2023,2,136531,46708,50995,9784
San Benito,2023,3,136956,46741,51045,10134
San Benito,2023,4,137260,46762,51065,10395
San Benito,2023,5,137819,46765,51097,10942
San Benito,2023,6,138127,46769,51120,11241
San Benito,2023,7,138405,46772,51148,11512
San Benito,2023,8,138719,46777,51194,11813
San Benito,2023,9,138800,46777,51208,11889
San Bernardino,2020,1,0,0,0,0
San Bernardino,2020,7,1,0,1,0
San Bernardino,2020,8,14,1,13,0
San Bernardino,2020,9,37,11,25,0
San Bernardino,2020,10,49,15,33,0
San Bernardino,2020,11,67,22,49,0
San Bernardino,2020,12,27442,40,27388,0
San Bernardino,2021,1,160761,33788,126727,0
San Bernardino,2021,2,410309,130531,279014,0
San Bernardino,2021,3,805817,309769,511351,1
San Bernardino,2021,4,1276882,551052,763933,2
San Bernardino,2021,5,1581828,740134,887030,3
San Bernardino,2021,6,1755118,847479,957460,6
San Bernardino,2021,7,1881428,906442,1027760,9
San Bernardino,2021,8,2043157,979795,1115694,10
San Bernardino,2021,9,2180095,1050201,1166355,11
San Bernardino,2021,10,2324819,1094463,1202016,16
San Bernardino,2021,11,2523378,1129968,1247353,22
San Bernardino,2021,12,2754377,1171053,1286717,43
San Bernardino,2022,1,2952888,1202976,1326778,54
San Bernardino,2022,2,3050081,1228360,1344300,64
San Bernardino,2022,3,3104579,1240995,1354063,67
San Bernardino,2022,4,3174388,1248346,1360617,74
San Bernardino,2022,5,3224087,1253576,1365822,79
San Bernardino,2022,6,3265812,1258014,1371570,85
San Bernardino,2022,7,3310131,1262620,1379220,92
San Bernardino,2022,8,3338364,1267156,1384481,103
San Bernardino,2022,9,3387813,1269887,1388254,38318
San Bernardino,2022,10,3458090,1271936,1392730,99824
San Bernardino,2022,11,3514182,1273313,1396235,150221
San Bernardino,2022,12,3560972,1274466,1399631,192900
San Bernardino,2023,1,3583858,1275543,1401947,212910
San Bernardino,2023,2,3594696,1276258,1403285,221931
San Bernardino,2023,3,3604312,1276951,1404567,229772
San Bernardino,2023,4,3610722,1277250,1405461,235300
San Bernardino,2023,5,3618691,1277323,1406412,242927
San Bernardino,2023,6,3623430,1277354,1407089,247446
San Bernardino,2023,7,3626736,1277378,1407716,250600
San Bernardino,2023,8,3631184,1277409,1408406,254870
San Bernardino,2023,9,3632605,1277416,1408614,256190
San Diego,2020,1,0,0,0,0
San Diego,2020,7,17,0,17,0
San Diego,2020,8,247,22,223,0
San Diego,2020,9,614,246,364,0
San Diego,2020,10,777,338,438,0
San Diego,2020,11,929,444,548,0
San Diego,2020,12,55022,685,54497,0
San Diego,2021,1,399394,64618,334330,0
San Diego,2021,2,974756,330807,641525,0
San Diego,2021,3,1783202,716454,1087580,3
San Diego,2021,4,2758111,1198677,1620759,26
San Diego,2021,5,3432656,1620934,1895560,36
San Diego,2021,6,3800652,1876159,2042922,46
San Diego,2021,7,3989587,1975966,2139806,53
San Diego,2021,8,4218213,2075189,2257816,63
San Diego,2021,9,4421140,2165697,2323853,75
San Diego,2021,10,4697228,2222138,2375709,88
San Diego,2021,11,5163221,2273205,2491946,131
San Diego,2021,12,5722523,2366151,2595935,225
San Diego,2022,1,6160611,2425283,2686443,330
San Diego,2022,2,6343666,2465194,2730190,370
San Diego,2022,3,6449739,2486829,2755965,409
San Diego,2022,4,6607339,2499824,2773560,475
San Diego,2022,5,6744136,2510322,2789657,535
San Diego,2022,6,6859407,2519636,2809712,583
San Diego,2022,7,6977068,2531207,2836139,637
San Diego,2022,8,7052328,2542095,2856334,702
San Diego,2022,9,7220108,2549352,2876027,121126
San Diego,2022,10,7441154,2554412,2898895,307762
San Diego,2022,11,7597522,2558071,2918139,444054
San Diego,2022,12,7716366,2560826,2935284,548139
San Diego,2023,1,7778641,2563468,2946775,601383
San Diego,2023,2,7810532,2565400,2954480,627003
San Diego,2023,3,7839028,2567250,2962435,649178
San Diego,2023,4,7865665,2568220,2970466,671342
San Diego,2023,5,7900354,2568559,2978667,704040
San Diego,2023,6,7924956,2568831,2987288,727142
San Diego,2023,7,7944887,2569026,2996862,745912
San Diego,2023,8,7970035,2569267,3008270,769727
San Diego,2023,9,7978920,2569316,3013132,777965
San Francisco,2020,1,0,0,0,0
San Francisco,2020,7,0,0,0,0
San Francisco,2020,8,14,1,13,0
San Francisco,2020,9,46,17,30,0
San Francisco,2020,10,67,29,40,0
San Francisco,2020,11,83,36,53,0
San Francisco,2020,12,13939,57,13889,0
San Francisco,2021,1,94666,19422,75123,0
San Francisco,2021,2,269377,84471,184504,0
San Francisco,2021,3,598876,234353,377106,1
San Francisco,2021,4,958804,417850,579349,1
San Francisco,2021,5,1167137,573723,636543,2
San Francisco,2021,6,1236591,621968,660592,4
San Francisco,2021,7,1269623,639394,676930,4
San Francisco,2021,8,1313128,655215,696044,7
San Francisco,2021,9,1355931,669596,706734,7
San Francisco,2021,10,1443442,678558,715649,8
San Francisco,2021,11,1624152,690650,747146,10
San Francisco,2021,12,1830694,715753,767876,25
San Francisco,2022,1,1947741,726763,782241,34
San Francisco,2022,2,1987049,732761,788154,38
San Francisco,2022,3,2010011,735669,791667,42
San Francisco,2022,4,2076152,738265,794801,46
San Francisco,2022,5,2132683,740476,797565,52
San Francisco,2022,6,2175683,742310,803900,56
San Francisco,2022,7,2211437,745757,810968,61
San Francisco,2022,8,2234620,749792,815286,72
San Francisco,2022,9,2315422,752595,819307,62173
San Francisco,2022,10,2421625,754133,824362,153121
San Francisco,2022,11,2500706,755327,828900,224367
San Francisco,2022,12,2554379,756307,832945,273161
San Francisco,2023,1,2578712,757159,835606,294842
San Francisco,2023,2,2591074,757751,837205,305507
San Francisco,2023,3,2601047,758358,838509,313956
San Francisco,2023,4,2611324,758674,839532,323220
San Francisco,2023,5,2630332,758829,840621,341345
San Francisco,2023,6,2641656,758996,841517,351948
San Francisco,2023,7,2649362,759118,842215,359106
San Francisco,2023,8,2656636,759264,842995,365746
San Francisco,2023,9,2658077,759300,843196,367020
San Joaquin,2020,1,0,0,0,0
San Joaquin,2020,7,1,0,1,0
San Joaquin,2020,8,14,2,12,0
San Joaquin,2020,9,25,8,17,0
San Joaquin,2020,10,31,9,23,0
San Joaquin,2020,11,47,15,35,0
San Joaquin,2020,12,8752,25,8724,0
San Joaquin,2021,1,56031,11084,44814,0
San Joaquin,2021,2,153136,47904,104761,0
San Joaquin,2021,3,324178,122982,205973,1
San Joaquin,2021,4,513982,221411,308059,2
San Joaquin,2021,5,639469,298341,358632,2
San Joaquin,2021,6,707066,340389,385488,2
San Joaquin,2021,7,751735,361545,409715,2
San Joaquin,2021,8,809488,385779,441980,2
San Joaquin,2021,9,863700,413059,462224,2
San Joaquin,2021,10,923070,429949,475957,2
San Joaquin,2021,11,1006638,443729,495967,6
San Joaquin,2021,12,1103855,462521,513846,11
San Joaquin,2022,1,1190001,477243,531354,18
San Joaquin,2022,2,1235263,488969,540011,19
San Joaquin,2022,3,1259953,495574,544683,25
San Joaquin,2022,4,1287671,499011,547598,26
San Joaquin,2022,5,1311850,501657,550091,32
San Joaquin,2022,6,1332224,503838,552752,37
San Joaquin,2022,7,1351351,505874,556013,47
San Joaquin,2022,8,1365396,507832,558306,51
San Joaquin,2022,9,1386497,508981,559886,15579
San Joaquin,2022,10,1418836,509913,561436,43339
San Joaquin,2022,11,1442918,510516,562668,64887
San Joaquin,2022,12,1460526,510912,563823,80610
San Joaquin,2023,1,1469653,511318,564682,88411
San Joaquin,2023,2,1474483,511600,565175,92405
San Joaquin,2023,3,1478209,511843,565654,95329
San Joaquin,2023,4,1480669,511978,565938,97421
San Joaquin,2023,5,1484042,511984,566211,100691
San Joaquin,2023,6,1486391,511991,566446,102985
San Joaquin,2023,7,1488108,511992,566646,104650
San Joaquin,2023,8,1490083,511997,566829,106587
San Joaquin,2023,9,1490552,511997,566864,107025
San Luis Obispo,2020,1,0,0,0,0
San Luis Obispo,2020,7,0,0,0,0
San Luis Obispo,2020,8,2,0,2,0
San Luis Obispo,2020,9,4,1,3,0
San Luis Obispo,2020,10,7,1,6,0
San Luis Obispo,2020,11,12,3,10,0
San Luis Obispo,2020,12,5915,17,5901,0
San Luis Obispo,2021,1,33606,6967,26624,0
San Luis Obispo,2021,2,75394,25430,49886,1
San Luis Obispo,2021,3,154101,59559,98836,1
San Luis Obispo,2021,4,237690,106662,139022,1
San Luis Obispo,2021,5,276093,132391,152791,1
San Luis Obispo,2021,6,294300,144290,159810,1
San Luis Obispo,2021,7,305329,150003,165634,1
San Luis Obispo,2021,8,321499,156473,173915,1
San Luis Obispo,2021,9,338282,163014,178732,1
San Luis Obispo,2021,10,363504,166909,181693,2
San Luis Obispo,2021,11,400467,170203,187868,2
San Luis Obispo,2021,12,438102,175717,192598,3
San Luis Obispo,2022,1,461803,178963,196142,5
San Luis Obispo,2022,2,470111,180905,197457,7
San Luis Obispo,2022,3,476360,181971,198337,8
San Luis Obispo,2022,4,493695,182847,199062,9
San Luis Obispo,2022,5,505366,183512,199680,9
San Luis Obispo,2022,6,512721,183985,200326,10
San Luis Obispo,2022,7,519337,184405,201171,11
San Luis Obispo,2022,8,523259,184795,201882,12
San Luis Obispo,2022,9,540696,185160,202541,11981
San Luis Obispo,2022,10,561039,185461,203316,28765
San Luis Obispo,2022,11,573252,185698,203890,39306
San Luis Obispo,2022,12,580742,185898,204277,45976
San Luis Obispo,2023,1,583842,186065,204521,48666
San Luis Obispo,2023,2,585311,186169,204651,49877
San Luis Obispo,2023,3,586416,186267,204771,50812
San Luis Obispo,2023,4,588499,186322,204850,52766
San Luis Obispo,2023,5,592628,186341,204964,56808
San Luis Obispo,2023,6,594402,186348,205020,58537
San Luis Obispo,2023,7,595376,186353,205058,59489
San Luis Obispo,2023,8,596612,186368,205106,60683
San Luis Obispo,2023,9,596938,186368,205124,60975
San Mateo,2020,1,0,0,0,0
San Mateo,2020,7,1,0,1,0
San Mateo,2020,8,20,1,19,0
San Mateo,2020,9,47,17,30,0
San Mateo,2020,10,50,19,31,0
San Mateo,2020,11,73,32,53,0
San Mateo,2020,12,13610,64,13565,0
San Mateo,2021,1,87505,17408,69992,0
San Mateo,2021,2,248584,75492,172676,0
San Mateo,2021,3,497818,200026,304523,1
San Mateo,2021,4,789218,341063,476672,1
San Mateo,2021,5,981326,471557,541117,7
San Mateo,2021,6,1055118,524244,563818,7
San Mateo,2021,7,1087168,541342,579637,9
San Mateo,2021,8,1125909,557173,597758,9
San Mateo,2021,9,1166528,571268,608063,11
San Mateo,2021,10,1251445,581035,616582,14
San Mateo,2021,11,1403592,592753,651616,22
San Mateo,2021,12,1572825,623654,670154,45
San Mateo,2022,1,1685462,636783,684942,58
San Mateo,2022,2,1723953,644517,690405,66
San Mateo,2022,3,1743829,647946,693325,70
San Mateo,2022,4,1801505,650298,695834,75
San Mateo,2022,5,1852021,652406,698278,81
San Mateo,2022,6,1891339,654226,704403,91
San Mateo,2022,7,1924421,657853,711417,96
San Mateo,2022,8,1945117,661700,715057,107
San Mateo,2022,9,2006563,664729,718275,45517
San Mateo,2022,10,2096104,666699,722133,121396
San Mateo,2022,11,2165046,668039,725620,183099
San Mateo,2022,12,2213452,669066,728727,227355
San Mateo,2023,1,2233579,670091,730678,245041
San Mateo,2023,2,2242958,670783,731768,252936
San Mateo,2023,3,2250974,671433,732794,259520
San Mateo,2023,4,2258366,671768,733468,266061
San Mateo,2023,5,2272567,671919,734313,279554
San Mateo,2023,6,2282277,672071,735053,288636
San Mateo,2023,7,2288159,672172,735667,294014
San Mateo,2023,8,2294241,672277,736227,299610
San Mateo,2023,9,2295633,672298,736381,300831
Santa Barbara,2020,1,0,0,0,0
Santa Barbara,2020,7,0,0,0,0
Santa Barbara,2020,8,4,0,4,0
Santa Barbara,2020,9,8,3,5,0
Santa Barbara,2020,10,8,3,5,0
Santa Barbara,2020,11,13,5,10,0
Santa Barbara,2020,12,5793,16,5776,0
Santa Barbara,2021,1,46639,7427,39118,0
Santa Barbara,2021,2,107472,39621,67515,0
Santa Barbara,2021,3,222634,82203,147773,0
Santa Barbara,2021,4,372837,162706,224529,0
Santa Barbara,2021,5,448130,213417,251906,1
Santa Barbara,2021,6,481589,235788,264487,2
Santa Barbara,2021,7,502013,246023,275589,2
Santa Barbara,2021,8,530000,257328,290441,5
Santa Barbara,2021,9,556863,269266,299174,5
Santa Barbara,2021,10,594174,277695,305661,7
Santa Barbara,2021,11,648151,284346,316928,8
Santa Barbara,2021,12,715950,294602,327413,11
Santa Barbara,2022,1,766745,302010,337203,16
Santa Barbara,2022,2,785988,307027,341071,21
Santa Barbara,2022,3,797225,309530,343066,23
Santa Barbara,2022,4,818920,311132,344531,25
Santa Barbara,2022,5,836699,312363,345896,31
Santa Barbara,2022,6,849156,313383,347247,33
Santa Barbara,2022,7,860917,314445,349130,34
Santa Barbara,2022,8,868060,315324,350478,41
Santa Barbara,2022,9,891479,315879,351829,16649
Santa Barbara,2022,10,918829,316409,353371,39679
Santa Barbara,2022,11,936263,316828,354485,55016
Santa Barbara,2022,12,949912,317203,355500,67145
Santa Barbara,2023,1,956049,317494,356128,72469
Santa Barbara,2023,2,959158,317730,356484,75023
Santa Barbara,2023,3,961650,317939,356770,77067
Santa Barbara,2023,4,964453,318039,356998,79610
Santa Barbara,2023,5,969992,318072,357266,84945
Santa Barbara,2023,6,972751,318099,357456,87586
Santa Barbara,2023,7,974495,318118,357615,89230
Santa Barbara,2023,8,976311,318142,357793,90932
Santa Barbara,2023,9,976782,318146,357842,91358
Santa Clara,2020,1,0,0,0,0
Santa Clara,2020,7,1,0,1,0
Santa Clara,2020,8,45,3,42,0
Santa Clara,2020,9,135,53,82,0
Santa Clara,2020,10,168,67,101,0
Santa Clara,2020,11,221,93,150,0
Santa Clara,2020,12,29552,169,29421,0
Santa Clara,2021,1,201143,38736,161975,1
Santa Clara,2021,2,495758,162859,331611,1
Santa Clara,2021,3,1030387,405315,642234,2
Santa Clara,2021,4,1872271,757775,1177019,5
Santa Clara,2021,5,2452628,1178955,1343398,9
Santa Clara,2021,6,2657349,1321965,1408367,14
Santa Clara,2021,7,2748202,1371562,1450747,17
Santa Clara,2021,8,2847594,1414669,1498035,20
Santa Clara,2021,9,2943175,1450701,1524754,25
Santa Clara,2021,10,3125320,1474211,1545336,33
Santa Clara,2021,11,3513458,1506827,1628766,45
Santa Clara,2021,12,3959132,1576939,1678017,88
Santa Clara,2022,1,4239903,1608358,1715441,115
Santa Clara,2022,2,4330771,1626521,1729027,127
Santa Clara,2022,3,4380559,1634936,1737341,143
Santa Clara,2022,4,4500790,1640918,1744248,154
Santa Clara,2022,5,4607328,1646029,1750758,166
Santa Clara,2022,6,4687845,1650212,1763509,175
Santa Clara,2022,7,4759382,1657560,1778494,194
Santa Clara,2022,8,4805042,1664983,1787959,215
Santa Clara,2022,9,4943704,1671421,1796432,106647
Santa Clara,2022,10,5130518,1675832,1806216,268709
Santa Clara,2022,11,5274601,1678878,1814611,398969
Santa Clara,2022,12,5377122,1681392,1822781,492671
Santa Clara,2023,1,5421632,1683634,1827700,532010
Santa Clara,2023,2,5441363,1685130,1830149,548520
Santa Clara,2023,3,5457081,1686522,1832473,561324
Santa Clara,2023,4,5471621,1687263,1834033,574271
Santa Clara,2023,5,5496878,1687573,1835761,598314
Santa Clara,2023,6,5513357,1687839,1837236,613646
Santa Clara,2023,7,5523841,1688058,1838371,623225
Santa Clara,2023,8,5535386,1688265,1839598,633892
Santa Clara,2023,9,5538480,1688310,1839937,636667
Santa Cruz,2020,1,0,0,0,0
Santa Cruz,2020,7,0,0,0,0
Santa Cruz,2020,8,2,0,2,0
Santa Cruz,2020,9,8,3,5,0
Santa Cruz,2020,10,9,4,5,0
Santa Cruz,2020,11,13,5,9,0
Santa Cruz,2020,12,4426,14,4413,0
Santa Cruz,2021,1,31790,5132,26629,0
Santa Cruz,2021,2,89133,28162,60838,0
Santa Cruz,2021,3,168032,66433,103940,1
Santa Cruz,2021,4,256975,110384,152325,1
Santa Cruz,2021,5,315098,149856,172373,4
Santa Cruz,2021,6,338304,166212,179874,4
Santa Cruz,2021,7,349889,172194,185853,4
Santa Cruz,2021,8,365123,178705,193182,5
Santa Cruz,2021,9,378219,184242,196993,6
Santa Cruz,2021,10,398182,187509,199654,6
Santa Cruz,2021,11,443175,191212,208686,9
Santa Cruz,2021,12,493844,198752,213907,14
Santa Cruz,2022,1,529645,202554,218923,16
Santa Cruz,2022,2,541565,205291,220916,21
Santa Cruz,2022,3,549359,206773,222135,22
Santa Cruz,2022,4,566944,207819,223076,22
Santa Cruz,2022,5,582534,208548,223814,23
Santa Cruz,2022,6,592595,209074,224851,25
Santa Cruz,2022,7,601796,209825,226381,26
Santa Cruz,2022,8,607340,210865,227298,33
Santa Cruz,2022,9,626363,211459,228168,13414
Santa Cruz,2022,10,651842,211845,229241,34699
Santa Cruz,2022,11,669445,212121,230024,50468
Santa Cruz,2022,12,680524,212344,230589,60562
Santa Cruz,2023,1,684746,212506,230947,64237
Santa Cruz,2023,2,687319,212658,231172,66414
Santa Cruz,2023,3,689575,212794,231377,68308
Santa Cruz,2023,4,692221,212869,231518,70728
Santa Cruz,2023,5,697141,212888,231659,75470
Santa Cruz,2023,6,699567,212902,231775,77805
Santa Cruz,2023,7,701135,212916,231838,79303
Santa Cruz,2023,8,702820,212928,231953,80900
Santa Cruz,2023,9,703236,212932,231976,81288
Shasta,2020,1,0,0,0,0
Shasta,2020,7,0,0,0,0
Shasta,2020,8,116,0,116,0
Shasta,2020,9,286,129,157,0
Shasta,2020,10,331,156,175,0
Shasta,2020,11,343,167,176,0
Shasta,2020,12,2118,168,1951,0
Shasta,2021,1,15710,2727,12963,0
Shasta,2021,2,40586,13081,27442,0
Shasta,2021,3,73824,29765,46655,0
Shasta,2021,4,99761,45420,58078,0
Shasta,2021,5,112493,52695,64501,0
Shasta,2021,6,121326,58579,68291,1
Shasta,2021,7,127175,61440,71621,1
Shasta,2021,8,137162,65362,77917,3
Shasta,2021,9,148297,71037,82316,3
Shasta,2021,10,161541,74904,84947,3
Shasta,2021,11,178490,77897,87744,3
Shasta,2021,12,192326,80372,89850,4
Shasta,2022,1,202624,82134,91575,6
Shasta,2022,2,206854,83130,92278,6
Shasta,2022,3,209672,83673,92735,7
Shasta,2022,4,215305,84102,93117,7
Shasta,2022,5,219438,84444,93435,7
Shasta,2022,6,222325,84707,93730,7
Shasta,2022,7,224992,84940,94022,7
Shasta,2022,8,226696,85133,94302,8
Shasta,2022,9,231359,85233,94644,3746
Shasta,2022,10,239010,85331,95216,10661
Shasta,2022,11,243425,85400,95531,14709
Shasta,2022,12,246190,85442,95758,17257
Shasta,2023,1,247377,85475,95906,18318
Shasta,2023,2,247971,85507,95972,18842
Shasta,2023,3,248442,85530,96045,19248
Shasta,2023,4,248819,85548,96073,19596
Shasta,2023,5,249589,85550,96120,20342
Shasta,2023,6,249936,85551,96154,20679
Shasta,2023,7,250183,85551,96180,20917
Shasta,2023,8,250501,85553,96206,21220
Shasta,2023,9,250679,85554,96219,21390
Sierra,2020,1,0,0,0,0
Sierra,2020,7,0,0,0,0
Sierra,2020,8,0,0,0,0
Sierra,2020,9,0,0,0,0
Sierra,2020,10,0,0,0,0
Sierra,2020,11,0,0,0,0
Sierra,2020,12,82,0,82,0
Sierra,2021,1,462,69,391,0
Sierra,2021,2,1186,385,796,0
Sierra,2021,3,1939,811,1123,0
Sierra,2021,4,2352,1123,1222,0
Sierra,2021,5,2492,1206,1290,0
Sierra,2021,6,2595,1276,1333,0
Sierra,2021,7,2656,1308,1362,0
Sierra,2021,8,2782,1355,1447,0
Sierra,2021,9,2925,1431,1512,0
Sierra,2021,10,3076,1475,1551,0
Sierra,2021,11,3456,1500,1588,0
Sierra,2021,12,3724,1525,1618,0
Sierra,2022,1,3880,1544,1640,0
Sierra,2022,2,3949,1556,1654,0
Sierra,2022,3,3981,1566,1655,0
Sierra,2022,4,4075,1568,1663,0
Sierra,2022,5,4158,1572,1670,0
Sierra,2022,6,4211,1576,1677,0
Sierra,2022,7,4239,1578,1680,0
Sierra,2022,8,4280,1580,1684,0
Sierra,2022,9,4406,1582,1688,103
Sierra,2022,10,4549,1582,1701,240
Sierra,2022,11,4619,1585,1704,301
Sierra,2022,12,4662,1586,1708,339
Sierra,2023,1,4684,1589,1711,355
Sierra,2023,2,4693,1589,1711,363
Sierra,2023,3,4707,1589,1713,373
Sierra,2023,4,4717,1589,1714,383
Sierra,2023,5,4731,1589,1715,396
Sierra,2023,6,4742,1589,1715,405
Sierra,2023,7,4745,1589,1715,408
Sierra,2023,8,4753,1589,1715,416
Sierra,2023,9,4754,1589,1715,417
Siskiyou,2020,1,0,0,0,0
Siskiyou,2020,7,0,0,0,0
Siskiyou,2020,8,4,0,4,0
Siskiyou,2020,9,10,4,6,0
Siskiyou,2020,10,13,6,7,0
Siskiyou,2020,11,16,8,9,0
Siskiyou,2020,12,601,8,591,0
Siskiyou,2021,1,4620,583,4018,0
Siskiyou,2021,2,11973,3761,8175,0
Siskiyou,2021,3,21084,8406,13085,1
Siskiyou,2021,4,27766,12799,15622,1
Siskiyou,2021,5,31403,14780,17375,2
Siskiyou,2021,6,33711,16297,18218,3
Siskiyou,2021,7,35073,16981,18952,3
Siskiyou,2021,8,37287,17832,20327,5
Siskiyou,2021,9,39680,18907,21172,6
Siskiyou,2021,10,42701,19590,21724,6
Siskiyou,2021,11,47098,20067,22382,8
Siskiyou,2021,12,50662,20548,22963,11
Siskiyou,2022,1,53060,20905,23444,12
Siskiyou,2022,2,54093,21180,23621,12
Siskiyou,2022,3,54692,21286,23732,12
Siskiyou,2022,4,56443,21415,23857,12
Siskiyou,2022,5,57727,21515,23949,12
Siskiyou,2022,6,58510,21580,24018,14
Siskiyou,2022,7,59285,21642,24107,15
Siskiyou,2022,8,59690,21696,24156,16
Siskiyou,2022,9,60715,21709,24231,742
Siskiyou,2022,10,62993,21735,24369,2560
Siskiyou,2022,11,64482,21744,24448,3928
Siskiyou,2022,12,65367,21752,24495,4731
Siskiyou,2023,1,65696,21762,24520,5031
Siskiyou,2023,2,65861,21766,24545,5179
Siskiyou,2023,3,65983,21775,24552,5286
Siskiyou,2023,4,66127,21777,24558,5424
Siskiyou,2023,5,66497,21777,24565,5789
Siskiyou,2023,6,66659,21777,24573,5944
Siskiyou,2023,7,66788,21777,24574,6067
Siskiyou,2023,8,66965,21777,24590,6241
Siskiyou,2023,9,67009,21777,24590,6285
Solano,2020,1,0,0,0,0
Solano,2020,7,0,0,0,0
Solano,2020,8,2,0,2,0
Solano,2020,9,9,3,6,0
Solano,2020,10,13,6,7,0
Solano,2020,11,20,6,14,0
Solano,2020,12,8794,13,8775,0
Solano,2021,1,49118,10088,38946,0
Solano,2021,2,123865,39127,84510,0
Solano,2021,3,246375,92417,156385,0
Solano,2021,4,366405,158044,215393,1
Solano,2021,5,434897,199997,244445,3
Solano,2021,6,472231,224119,259060,3
Solano,2021,7,492703,234036,270343,3
Solano,2021,8,523430,246732,287530,3
Solano,2021,9,554602,261469,297473,4
Solano,2021,10,596508,270365,304002,7
Solano,2021,11,652899,277838,314786,12
Solano,2021,12,711414,288776,323461,16
Solano,2022,1,762540,296910,332116,23
Solano,2022,2,782891,301998,335382,24
Solano,2022,3,794255,304609,337159,26
Solano,2022,4,819168,306291,338458,27
Solano,2022,5,837029,307461,339630,30
Solano,2022,6,850714,308429,341122,33
Solano,2022,7,862985,309433,342792,36
Solano,2022,8,871498,310434,344143,41
Solano,2022,9,890178,311309,345171,13962
Solano,2022,10,920823,311838,346520,40149
Solano,2022,11,942959,312214,347599,59943
Solano,2022,12,956079,312489,348313,71927
Solano,2023,1,962460,312738,348830,77660
Solano,2023,2,965598,312890,349123,80395
Solano,2023,3,968230,313009,349415,82666
Solano,2023,4,970279,313084,349595,84509
Solano,2023,5,974510,313108,349750,88635
Solano,2023,6,977149,313116,349909,91201
Solano,2023,7,978922,313121,350052,92918
Solano,2023,8,981320,313132,350239,95239
Solano,2023,9,981906,313133,350277,95788
Sonoma,2020,1,0,0,0,0
Sonoma,2020,7,0,0,0,0
Sonoma,2020,8,2,0,2,0
Sonoma,2020,9,6,0,6,0
Sonoma,2020,10,15,2,13,0
Sonoma,2020,11,23,2,21,0
Sonoma,2020,12,9186,19,9141,0
Sonoma,2021,1,57673,11039,46521,0
Sonoma,2021,2,173622,50657,122618,1
Sonoma,2021,3,337804,135299,209330,1
Sonoma,2021,4,497166,222637,287135,2
Sonoma,2021,5,587460,281814,320795,2
Sonoma,2021,6,626988,308901,334924,3
Sonoma,2021,7,650743,320906,347790,3
Sonoma,2021,8,682969,334812,363263,3
Sonoma,2021,9,711624,346218,370668,4
Sonoma,2021,10,756260,352995,375845,5
Sonoma,2021,11,835041,359787,390457,8
Sonoma,2021,12,929510,373552,401105,14
Sonoma,2022,1,993477,381515,409611,19
Sonoma,2022,2,1015915,386497,412817,25
Sonoma,2022,3,1028684,388842,414676,25
Sonoma,2022,4,1069555,390744,416065,31
Sonoma,2022,5,1098440,392133,417395,34
Sonoma,2022,6,1116525,393200,419306,36
Sonoma,2022,7,1132257,394545,421815,40
Sonoma,2022,8,1141788,396138,423328,45
Sonoma,2022,9,1169884,397126,424463,18684
Sonoma,2022,10,1215311,397806,425759,55084
Sonoma,2022,11,1249979,398239,427116,85859
Sonoma,2022,12,1272014,398657,428199,105854
Sonoma,2023,1,1279617,399017,428853,112468
Sonoma,2023,2,1283572,399245,429253,115769
Sonoma,2023,3,1286620,399469,429606,118299
Sonoma,2023,4,1290127,399569,429813,121516
Sonoma,2023,5,1299170,399609,430113,130280
Sonoma,2023,6,1304513,399632,430355,135456
Sonoma,2023,7,1307109,399661,430478,137960
Sonoma,2023,8,1310561,399678,430662,141276
Sonoma,2023,9,1311344,399679,430727,141989
Stanislaus,2020,1,0,0,0,0
Stanislaus,2020,7,3,0,3,0
Stanislaus,2020,8,9,0,9,0
Stanislaus,2020,9,20,4,16,0
Stanislaus,2020,10,24,5,19,0
Stanislaus,2020,11,31,5,26,0
Stanislaus,2020,12,5518,22,5485,0
Stanislaus,2021,1,44399,7000,37299,0
Stanislaus,2021,2,110211,36699,73030,0
Stanislaus,2021,3,229867,86292,149303,0
Stanislaus,2021,4,351369,155119,205626,0
Stanislaus,2021,5,421031,197368,234868,0
Stanislaus,2021,6,462053,222424,251820,0
Stanislaus,2021,7,491014,236054,267599,0
Stanislaus,2021,8,533733,253195,292460,0
Stanislaus,2021,9,575400,274287,308454,1
Stanislaus,2021,10,615822,287403,317792,1
Stanislaus,2021,11,666677,296339,328608,1
Stanislaus,2021,12,721156,306065,338073,2
Stanislaus,2022,1,771256,314091,347836,5
Stanislaus,2022,2,797591,320926,352559,9
Stanislaus,2022,3,811454,324384,355014,11
Stanislaus,2022,4,827671,326252,356536,12
Stanislaus,2022,5,841524,327620,357769,15
Stanislaus,2022,6,851915,328749,358965,17
Stanislaus,2022,7,862488,329845,360415,19
Stanislaus,2022,8,870373,330914,361618,23
Stanislaus,2022,9,882860,331481,362351,9692
Stanislaus,2022,10,902397,331916,363117,26887
Stanislaus,2022,11,914646,332184,363682,37928
Stanislaus,2022,12,924287,332368,364178,46649
Stanislaus,2023,1,928884,332553,364550,50665
Stanislaus,2023,2,931215,332710,364797,52568
Stanislaus,2023,3,933068,332850,365044,54040
Stanislaus,2023,4,934395,332917,365187,55179
Stanislaus,2023,5,936226,332919,365313,56939
Stanislaus,2023,6,937559,332923,365459,58228
Stanislaus,2023,7,938434,332924,365565,59080
Stanislaus,2023,8,939766,332926,365687,60370
Stanislaus,2023,9,940144,332926,365718,60729
Sutter,2020,1,0,0,0,0
Sutter,2020,7,0,0,0,0
Sutter,2020,8,0,0,0,0
Sutter,2020,9,4,1,3,0
Sutter,2020,10,6,3,3,0
Sutter,2020,11,7,4,4,0
Sutter,2020,12,1003,5,999,0
Sutter,2021,1,8435,1368,7057,0
Sutter,2021,2,21876,6715,15114,0
Sutter,2021,3,43627,17224,27254,0
Sutter,2021,4,61916,28291,36349,0
Sutter,2021,5,73048,34721,41428,1
Sutter,2021,6,80347,39263,44346,1
Sutter,2021,7,85561,41827,47183,1
Sutter,2021,8,93381,44959,51884,1
Sutter,2021,9,100703,48979,54728,1
Sutter,2021,10,107463,51263,56288,1
Sutter,2021,11,116871,52804,57964,1
Sutter,2021,12,127530,54556,59829,2
Sutter,2022,1,136336,56081,61479,4
Sutter,2022,2,140695,57240,62281,4
Sutter,2022,3,143122,57918,62681,6
Sutter,2022,4,145880,58278,62978,6
Sutter,2022,5,148054,58491,63229,6
Sutter,2022,6,149672,58695,63459,6
Sutter,2022,7,151276,58873,63694,6
Sutter,2022,8,152386,59040,63904,6
Sutter,2022,9,154649,59151,64071,1715
Sutter,2022,10,157837,59243,64293,4512
Sutter,2022,11,160099,59316,64451,6503
Sutter,2022,12,161674,59366,64573,7910
Sutter,2023,1,162471,59432,64660,8553
Sutter,2023,2,162863,59472,64734,8830
Sutter,2023,3,163172,59505,64785,9046
Sutter,2023,4,163375,59519,64820,9203
Sutter,2023,5,163616,59522,64850,9428
Sutter,2023,6,163748,59523,64864,9550
Sutter,2023,7,163870,59525,64889,9661
Sutter,2023,8,164014,59525,64915,9801
Sutter,2023,9,164063,59525,64927,9846
Tehama,2020,1,0,0,0,0
Tehama,2020,7,0,0,0,0
Tehama,2020,8,11,0,11,0
Tehama,2020,9,25,12,13,0
Tehama,2020,10,25,12,13,0
Tehama,2020,11,25,12,13,0
Tehama,2020,12,424,12,410,0
Tehama,2021,1,4954,497,4448,0
Tehama,2021,2,11854,4372,7458,0
Tehama,2021,3,21160,7941,13631,0
Tehama,2021,4,31673,14811,17673,0
Tehama,2021,5,35982,17291,19825,0
Tehama,2021,6,38955,19175,21127,0
Tehama,2021,7,41275,20305,22426,0
Tehama,2021,8,44739,21663,24614,0
Tehama,2021,9,48460,23616,26303,0
Tehama,2021,10,52238,24886,27330,0
Tehama,2021,11,57649,25773,28330,0
Tehama,2021,12,62863,26640,29281,0
Tehama,2022,1,66597,27300,30100,0
Tehama,2022,2,68236,27749,30424,0
Tehama,2022,3,69281,28010,30610,0
Tehama,2022,4,70873,28146,30730,0
Tehama,2022,5,72154,28253,30852,5
Tehama,2022,6,73152,28354,30941,5
Tehama,2022,7,74072,28440,31066,5
Tehama,2022,8,74714,28544,31179,5
Tehama,2022,9,76041,28587,31288,1081
Tehama,2022,10,78256,28622,31446,3092
Tehama,2022,11,79461,28647,31546,4181
Tehama,2022,12,80376,28669,31624,5010
Tehama,2023,1,80843,28690,31689,5407
Tehama,2023,2,81034,28709,31719,5556
Tehama,2023,3,81212,28730,31740,5698
Tehama,2023,4,81336,28739,31754,5799
Tehama,2023,5,81528,28741,31771,5985
Tehama,2023,6,81661,28741,31784,6110
Tehama,2023,7,81739,28743,31796,6185
Tehama,2023,8,81867,28743,31807,6310
Tehama,2023,9,81906,28743,31809,6347
Trinity,2020,1,0,0,0,0
Trinity,2020,7,0,0,0,0
Trinity,2020,8,1,0,1,0
Trinity,2020,9,2,1,1,0
Trinity,2020,10,2,1,1,0
Trinity,2020,11,2,1,1,0
Trinity,2020,12,104,1,102,0
Trinity,2021,1,494,102,389,0
Trinity,2021,2,2463,401,2059,0
Trinity,2021,3,5164,2094,3241,0
Trinity,2021,4,7114,3179,4202,0
Trinity,2021,5,8300,4017,4660,0
Trinity,2021,6,8948,4447,4987,0
Trinity,2021,7,9479,4741,5324,0
Trinity,2021,8,9982,4969,5613,0
Trinity,2021,9,10490,5226,5858,0
Trinity,2021,10,11364,5414,6037,0
Trinity,2021,11,12805,5560,6238,0
Trinity,2021,12,13845,5688,6438,0
Trinity,2022,1,14617,5817,6594,0
Trinity,2022,2,14890,5909,6641,0
Trinity,2022,3,15083,5934,6671,0
Trinity,2022,4,15601,5959,6686,0
Trinity,2022,5,15941,5976,6721,0
Trinity,2022,6,16219,5996,6744,0
Trinity,2022,7,16415,6013,6769,0
Trinity,2022,8,16536,6025,6790,0
Trinity,2022,9,17017,6030,6805,417
Trinity,2022,10,17618,6035,6832,974
Trinity,2022,11,17968,6038,6858,1297
Trinity,2022,12,18164,6039,6874,1485
Trinity,2023,1,18286,6039,6887,1596
Trinity,2023,2,18329,6041,6892,1635
Trinity,2023,3,18343,6042,6894,1645
Trinity,2023,4,18363,6043,6898,1663
Trinity,2023,5,18407,6043,6898,1707
Trinity,2023,6,18434,6043,6900,1733
Trinity,2023,7,18451,6043,6904,1749
Trinity,2023,8,18480,6044,6905,1775
Trinity,2023,9,18488,6045,6905,1782
Tulare,2020,1,0,0,0,0
Tulare,2020,7,0,0,0,0
Tulare,2020,8,0,0,0,0
Tulare,2020,9,0,0,0,0
Tulare,2020,10,3,0,3,0
Tulare,2020,11,5,0,5,0
Tulare,2020,12,3933,0,3931,0
Tulare,2021,1,32720,5271,27406,0
Tulare,2021,2,83306,27082,56085,0
Tulare,2021,3,190011,69371,124036,0
Tulare,2021,4,275739,125643,157118,0
Tulare,2021,5,315836,149000,175108,0
Tulare,2021,6,341417,164161,186225,1
Tulare,2021,7,363520,174263,198684,2
Tulare,2021,8,398359,187937,219515,3
Tulare,2021,9,432059,205159,233160,3
Tulare,2021,10,469123,216640,242788,5
Tulare,2021,11,511011,225036,253261,5
Tulare,2021,12,557143,234412,263542,6
Tulare,2022,1,598737,242879,274155,8
Tulare,2022,2,618535,249044,278572,9
Tulare,2022,3,630984,252540,281354,9
Tulare,2022,4,643094,254462,282965,10
Tulare,2022,5,651911,255714,284060,12
Tulare,2022,6,658831,256663,285147,12
Tulare,2022,7,666270,257616,286471,13
Tulare,2022,8,671790,258663,287667,15
Tulare,2022,9,680203,259259,288481,5910
Tulare,2022,10,692174,259660,289355,16097
Tulare,2022,11,700800,259965,290032,23636
Tulare,2022,12,707163,260202,290594,29167
Tulare,2023,1,710590,260421,290991,31930
Tulare,2023,2,712454,260589,291252,33303
Tulare,2023,3,714218,260748,291561,34485
Tulare,2023,4,715199,260827,291691,35228
Tulare,2023,5,716466,260831,291844,36427
Tulare,2023,6,717241,260838,291985,37115
Tulare,2023,7,717767,260840,292123,37605
Tulare,2023,8,718675,260843,292250,38463
Tulare,2023,9,718998,260845,292283,38743
Tuolumne,2020,1,0,0,0,0
Tuolumne,2020,7,0,0,0,0
Tuolumne,2020,8,1,0,1,0
Tuolumne,2020,9,3,0,3,0
Tuolumne,2020,10,6,0,6,0
Tuolumne,2020,11,11,1,9,0
Tuolumne,2020,12,950,3,946,0
Tuolumne,2021,1,5877,1061,4803,0
Tuolumne,2021,2,16168,4691,11445,0
Tuolumne,2021,3,29601,11719,18054,0
Tuolumne,2021,4,39119,18029,21406,0
Tuolumne,2021,5,43542,21052,22984,0
Tuolumne,2021,6,45558,22343,23832,1
Tuolumne,2021,7,47253,23109,24859,1
Tuolumne,2021,8,50134,24175,26620,1
Tuolumne,2021,9,53338,25663,27783,1
Tuolumne,2021,10,57130,26466,28372,2
Tuolumne,2021,11,64060,26942,29169,5
Tuolumne,2021,12,68748,27476,29706,7
Tuolumne,2022,1,71958,27799,30147,10
Tuolumne,2022,2,73213,28044,30347,11
Tuolumne,2022,3,74007,28186,30462,11
Tuolumne,2022,4,76302,28300,30554,11
Tuolumne,2022,5,78100,28408,30633,11
Tuolumne,2022,6,79272,28483,30706,11
Tuolumne,2022,7,80443,28572,30790,12
Tuolumne,2022,8,81016,28627,30839,13
Tuolumne,2022,9,82619,28657,30894,1236
Tuolumne,2022,10,85808,28679,30954,4080
Tuolumne,2022,11,87646,28690,31024,5797
Tuolumne,2022,12,88763,28697,31081,6815
Tuolumne,2023,1,89239,28705,31111,7235
Tuolumne,2023,2,89387,28714,31120,7362
Tuolumne,2023,3,89500,28718,31130,7461
Tuolumne,2023,4,89620,28720,31140,7569
Tuolumne,2023,5,89904,28720,31146,7828
Tuolumne,2023,6,90084,28720,31154,8001
Tuolumne,2023,7,90167,28720,31158,8081
Tuolumne,2023,8,90316,28720,31161,8226
Tuolumne,2023,9,90356,28721,31165,8263
Unknown,2020,1,0,0,0,0
Unknown,2020,7,0,0,0,0
Unknown,2020,8,0,0,0,0
Unknown,2020,9,0,0,0,0
Unknown,2020,10,0,0,1,0
Unknown,2020,11,1,1,2,0
Unknown,2020,12,23,1,57,0
Unknown,2021,1,264,84,324,0
Unknown,2021,2,593,306,598,0
Unknown,2021,3,1126,628,1105,0
Unknown,2021,4,1841,1116,1575,0
Unknown,2021,5,2418,1511,1880,0
Unknown,2021,6,2937,1742,2143,0
Unknown,2021,7,3396,1913,2380,0
Unknown,2021,8,3904,2074,2637,0
Unknown,2021,9,4275,2213,2781,0
Unknown,2021,10,4728,2309,2903,0
Unknown,2021,11,5358,2384,3202,0
Unknown,2021,12,6371,2593,3546,0
Unknown,2022,1,7172,2709,3890,0
Unknown,2022,2,7615,2787,4117,0
Unknown,2022,3,7862,2829,4220,0
Unknown,2022,4,8085,2867,4266,0
Unknown,2022,5,8235,2875,4308,0
Unknown,2022,6,8380,2888,4348,0
Unknown,2022,7,8544,2909,4399,0
Unknown,2022,8,8615,2917,4426,0
Unknown,2022,9,8851,2926,4472,172
Unknown,2022,10,9105,2928,4522,392
Unknown,2022,11,9229,2929,4547,504
Unknown,2022,12,9378,2931,4590,641
Unknown,2023,1,9459,2932,4622,711
Unknown,2023,2,9493,2933,4635,738
Unknown,2023,3,9525,2933,4652,767
Unknown,2023,4,9557,2933,4666,793
Unknown,2023,5,9591,2933,4677,826
Unknown,2023,6,9609,2933,4683,843
Unknown,2023,7,9631,2933,4694,865
Unknown,2023,8,9652,2933,4702,886
Unknown,2023,9,9655,2933,4703,889
Ventura,2020,1,0,0,0,0
Ventura,2020,7,2,0,2,0
Ventura,2020,8,10,2,8,0
Ventura,2020,9,30,10,20,0
Ventura,2020,10,43,17,28,0
Ventura,2020,11,58,22,40,0
Ventura,2020,12,13554,41,13502,0
Ventura,2021,1,82198,15592,66466,1
Ventura,2021,2,226800,69142,157155,1
Ventura,2021,3,464222,176856,295242,1
Ventura,2021,4,732274,323156,431848,1
Ventura,2021,5,885510,422757,489863,1
Ventura,2021,6,958606,471847,516571,2
Ventura,2021,7,1001104,493294,539220,3
Ventura,2021,8,1055524,516349,567532,3
Ventura,2021,9,1107415,539292,584075,3
Ventura,2021,10,1176991,553614,595922,6
Ventura,2021,11,1289111,566059,616412,9
Ventura,2021,12,1413014,584335,633916,18
Ventura,2022,1,1508204,597352,649968,29
Ventura,2022,2,1545517,606727,656659,33
Ventura,2022,3,1568556,611647,660343,36
Ventura,2022,4,1614349,614747,662925,40
Ventura,2022,5,1647226,616818,665102,44
Ventura,2022,6,1671824,618590,667803,50
Ventura,2022,7,1694828,620370,671175,54
Ventura,2022,8,1708568,622279,673569,59
Ventura,2022,9,1747849,623408,675319,29762
Ventura,2022,10,1798535,624191,677418,74071
Ventura,2022,11,1833892,624749,679146,106196
Ventura,2022,12,1860916,625193,680642,131054
Ventura,2023,1,1872251,625541,681459,141259
Ventura,2023,2,1877462,625776,681958,145819
Ventura,2023,3,1881681,625997,682378,149472
Ventura,2023,4,1885894,626105,682709,153319
Ventura,2023,5,1893090,626143,682995,160242
Ventura,2023,6,1897159,626170,683254,164142
Ventura,2023,7,1899509,626189,683455,166346
Ventura,2023,8,1902551,626219,683689,169232
Ventura,2023,9,1903525,626230,683767,170089
Yolo,2020,1,0,0,0,0
Yolo,2020,7,3,0,3,0
Yolo,2020,8,24,2,22,0
Yolo,2020,9,70,27,43,0
Yolo,2020,10,86,38,47,0
Yolo,2020,11,92,41,50,0
Yolo,2020,12,4022,42,3977,0
Yolo,2021,1,22123,4376,17723,0
Yolo,2021,2,64758,20162,44502,0
Yolo,2021,3,128421,51029,79292,2
Yolo,2021,4,192204,84234,113015,4
Yolo,2021,5,231228,110068,127071,5
Yolo,2021,6,249145,122623,133176,5
Yolo,2021,7,258494,127411,138093,6
Yolo,2021,8,270503,132614,144359,7
Yolo,2021,9,282746,137754,148250,7
Yolo,2021,10,300051,141002,150643,7
Yolo,2021,11,333930,144566,158026,7
Yolo,2021,12,371470,150903,162335,9
Yolo,2022,1,398556,154263,166665,9
Yolo,2022,2,409738,156505,168953,9
Yolo,2022,3,415133,157587,169823,9
Yolo,2022,4,426420,158210,170478,10
Yolo,2022,5,435954,158716,170979,10
Yolo,2022,6,443218,159134,171887,11
Yolo,2022,7,449505,159723,173067,12
Yolo,2022,8,453920,160408,173886,13
Yolo,2022,9,467608,160864,174592,10460
Yolo,2022,10,487446,161166,175333,27741
Yolo,2022,11,501008,161396,175974,40179
Yolo,2022,12,509188,161529,176479,47744
Yolo,2023,1,512440,161663,176774,50649
Yolo,2023,2,514127,161752,176964,52106
Yolo,2023,3,515469,161852,177124,53231
Yolo,2023,4,516689,161886,177223,54361
Yolo,2023,5,519164,161902,177339,56751
Yolo,2023,6,520748,161916,177444,58277
Yolo,2023,7,521700,161919,177515,59182
Yolo,2023,8,522755,161926,177603,60190
Yolo,2023,9,522991,161927,177627,60407
Yuba,2020,1,0,0,0,0
Yuba,2020,7,0,0,0,0
Yuba,2020,8,2,0,2,0
Yuba,2020,9,5,2,3,0
Yuba,2020,10,6,3,3,0
Yuba,2020,11,6,3,3,0
Yuba,2020,12,536,3,533,0
Yuba,2021,1,4150,628,3516,0
Yuba,2021,2,11342,3332,7983,0
Yuba,2021,3,23614,8983,15232,0
Yuba,2021,4,36401,16531,22039,0
Yuba,2021,5,44660,21390,25859,0
Yuba,2021,6,49867,24768,27892,0
Yuba,2021,7,53785,26616,30229,0
Yuba,2021,8,59678,29041,33846,0
Yuba,2021,9,65273,32194,36165,1
Yuba,2021,10,69757,34008,37488,1
Yuba,2021,11,76229,35215,38958,2
Yuba,2021,12,83312,36525,40318,2
Yuba,2022,1,89436,37607,41599,5
Yuba,2022,2,92671,38478,42206,5
Yuba,2022,3,94427,38981,42529,5
Yuba,2022,4,96365,39228,42766,5
Yuba,2022,5,97887,39419,42960,5
Yuba,2022,6,99137,39595,43157,5
Yuba,2022,7,100406,39744,43358,6
Yuba,2022,8,101258,39866,43532,6
Yuba,2022,9,102766,39959,43688,1091
Yuba,2022,10,105220,40041,43872,3223
Yuba,2022,11,106965,40094,44031,4757
Yuba,2022,12,108200,40144,44174,5805
Yuba,2023,1,108813,40193,44250,6294
Yuba,2023,2,109159,40231,44318,6543
Yuba,2023,3,109422,40257,44367,6747
Yuba,2023,4,109559,40268,44387,6855
Yuba,2023,5,109747,40271,44406,7025
Yuba,2023,6,109892,40278,44426,7154
Yuba,2023,7,109983,40279,44448,7239
Yuba,2023,8,110114,40280,44472,7364
Yuba,2023,9,110142,40280,44482,7387
